8127;Fejér;Aba
8128;Fejér;Aba
5241;Jász-Nagykun-Szolnok;Abádszalók
7678;Baranya;Abaliget
3261;Heves;Abasár
3882;Borsod-Abaúj-Zemplén;Abaújalpár
3882;Borsod-Abaúj-Zemplén;Abaújkér
3815;Borsod-Abaúj-Zemplén;Abaújlak
3881;Borsod-Abaúj-Zemplén;Abaújszántó
3809;Borsod-Abaúj-Zemplén;Abaújszolnok
3898;Borsod-Abaúj-Zemplén;Abaújvár
9151;Győr-Moson-Sopron;Abda
3753;Borsod-Abaúj-Zemplén;Abod
2740;Pest;Abony
8256;Veszprém;Ábrahámhegy
2941;Komárom-Esztergom;Ács
2683;Pest;Acsa
9746;Vas;Acsád
9168;Győr-Moson-Sopron;Acsalag
2887;Komárom-Esztergom;Ácsteszér
3292;Heves;Adács
8653;Somogy;Ádánd
8561;Veszprém;Adásztevel
2457;Fejér;Adony
8497;Veszprém;Adorjánháza
7841;Baranya;Adorjás
7381;Baranya;Ág
6076;Bács-Kiskun;Ágasegyháza
9423;Győr-Moson-Sopron;Ágfalva
3759;Borsod-Abaúj-Zemplén;Aggtelek
9441;Győr-Moson-Sopron;Agyagosszergény
4524;Szabolcs-Szatmár-Bereg;Ajak
8400;Veszprém;Ajka
8447;Veszprém;Ajka
8448;Veszprém;Ajka
8451;Veszprém;Ajka
2862;Komárom-Esztergom;Aka
6221;Bács-Kiskun;Akasztó
3779;Borsod-Abaúj-Zemplén;Alacska
7011;Fejér;Alap
5142;Jász-Nagykun-Szolnok;Alattyán
2730;Pest;Albertirsa
8087;Fejér;Alcsútdoboz
3353;Heves;Aldebrő
6750;Csongrád;Algyő
8921;Zala;Alibánfa
7934;Baranya;Almamellék
2931;Komárom-Esztergom;Almásfüzitő
8935;Zala;Almásháza
5747;Békés;Almáskamarás
7932;Baranya;Almáskeresztúr
4285;Hajdú-Bihar;Álmosd
3985;Borsod-Abaúj-Zemplén;Alsóberecki
7443;Somogy;Alsóbogát
3717;Borsod-Abaúj-Zemplén;Alsódobsza
3837;Borsod-Abaúj-Zemplén;Alsógagy
7345;Baranya;Alsómocsolád
7147;Tolna;Alsónána
2351;Pest;Alsónémedi
8924;Zala;Alsónemesapáti
7148;Tolna;Alsónyék
8226;Veszprém;Alsóörs
8394;Zala;Alsópáhok
2617;Nógrád;Alsópetény
8767;Zala;Alsórajk
3989;Borsod-Abaúj-Zemplén;Alsóregmec
8973;Zala;Alsószenterzsébet
7012;Fejér;Alsószentiván
7826;Baranya;Alsószentmárton
9983;Vas;Alsószölnök
3726;Borsod-Abaúj-Zemplén;Alsószuha
3735;Borsod-Abaúj-Zemplén;Alsótelekes
3069;Nógrád;Alsótold
9842;Vas;Alsóújlak
3811;Borsod-Abaúj-Zemplén;Alsóvadász
3571;Borsod-Abaúj-Zemplén;Alsózsolca
6916;Csongrád;Ambrózfalva
4546;Szabolcs-Szatmár-Bereg;Anarcs
8675;Somogy;Andocs
3399;Heves;Andornaktálya
9811;Vas;Andrásfa
2529;Komárom-Esztergom;Annavölgy
8477;Veszprém;Apácatorna
4553;Szabolcs-Szatmár-Bereg;Apagy
2345;Pest;Apaj
7186;Tolna;Aparhant
6931;Csongrád;Apátfalva
9982;Vas;Apátistvánfalva
7720;Baranya;Apátvarasd
3032;Heves;Apc
2338;Pest;Áporka
6088;Bács-Kiskun;Apostag
4634;Szabolcs-Szatmár-Bereg;Aranyosapáti
7671;Baranya;Aranyosgadány
3885;Borsod-Abaúj-Zemplén;Arka
3663;Borsod-Abaúj-Zemplén;Arló
3713;Borsod-Abaúj-Zemplén;Arnót
3467;Borsod-Abaúj-Zemplén;Ároktő
6623;Csongrád;Árpádhalom
9132;Győr-Moson-Sopron;Árpás
4115;Hajdú-Bihar;Ártánd
6783;Csongrád;Ásotthalom
9177;Győr-Moson-Sopron;Ásványráró
3841;Borsod-Abaúj-Zemplén;Aszaló
2881;Komárom-Esztergom;Ászár
2170;Pest;Aszód
8241;Veszprém;Aszófő
7763;Baranya;Áta
3371;Heves;Átány
3213;Heves;Atkár
7252;Tolna;Attala
7757;Baranya;Babarc
7814;Baranya;Babarcszőlős
7584;Somogy;Babócsa
2943;Komárom-Esztergom;Bábolna
8658;Somogy;Bábonymegyer
8983;Zala;Babosdöbréte
9351;Győr-Moson-Sopron;Babót
6430;Bács-Kiskun;Bácsalmás
6453;Bács-Kiskun;Bácsbokod
6454;Bács-Kiskun;Bácsborsód
6511;Bács-Kiskun;Bácsszentgyörgy
6425;Bács-Kiskun;Bácsszőlős
8257;Veszprém;Badacsonytomaj
8258;Veszprém;Badacsonytomaj
8261;Veszprém;Badacsonytomaj
8262;Veszprém;Badacsonytördemic
8263;Veszprém;Badacsonytördemic
2191;Pest;Bag
4286;Hajdú-Bihar;Bagamér
8977;Zala;Baglad
8992;Zala;Bagod
9145;Győr-Moson-Sopron;Bágyogszovát
2836;Komárom-Esztergom;Baj
6500;Bács-Kiskun;Baja
6503;Bács-Kiskun;Baja
9944;Vas;Bajánsenye
2525;Komárom-Esztergom;Bajna
2533;Komárom-Esztergom;Bajót
8945;Zala;Bak
7585;Somogy;Bakháza
7393;Baranya;Bakóca
4164;Hajdú-Bihar;Bakonszeg
7675;Baranya;Bakonya
2885;Komárom-Esztergom;Bakonybánk
8427;Veszprém;Bakonybél
8056;Fejér;Bakonycsernye
8433;Győr-Moson-Sopron;Bakonygyirót
8581;Veszprém;Bakonyjákó
8571;Veszprém;Bakonykoppány
8045;Fejér;Bakonykúti
8422;Veszprém;Bakonynána
8418;Veszprém;Bakonyoszlop
9088;Győr-Moson-Sopron;Bakonypéterd
8457;Veszprém;Bakonypölöske
8557;Veszprém;Bakonyság
2861;Komárom-Esztergom;Bakonysárkány
8557;Veszprém;Bakonyszentiván
8430;Veszprém;Bakonyszentkirály
8431;Győr-Moson-Sopron;Bakonyszentlászló
2884;Komárom-Esztergom;Bakonyszombathely
8572;Veszprém;Bakonyszücs
8555;Veszprém;Bakonytamási
6768;Csongrád;Baks
7834;Baranya;Baksa
3836;Borsod-Abaúj-Zemplén;Baktakék
4561;Szabolcs-Szatmár-Bereg;Baktalórántháza
8946;Zala;Baktüttös
3780;Borsod-Abaúj-Zemplén;Balajt
2660;Nógrád;Balassagyarmat
6764;Csongrád;Balástya
3347;Heves;Balaton
8243;Veszprém;Balatonakali
8220;Veszprém;Balatonalmádi
8649;Somogy;Balatonberény
8630;Somogy;Balatonboglár
8691;Somogy;Balatonboglár
8272;Veszprém;Balatoncsicsó
8312;Veszprém;Balatonederics
8613;Somogy;Balatonendréd
8646;Somogy;Balatonfenyves
8164;Veszprém;Balatonfőkajár
8623;Somogy;Balatonföldvár
8230;Veszprém;Balatonfüred
8236;Veszprém;Balatonfüred
8175;Veszprém;Balatonfűzfő
8184;Veszprém;Balatonfűzfő
8313;Zala;Balatongyörök
8275;Veszprém;Balatonhenye
8172;Veszprém;Balatonkenese
8174;Veszprém;Balatonkenese
8648;Somogy;Balatonkeresztúr
8638;Somogy;Balatonlelle
8753;Zala;Balatonmagyaród
8647;Somogy;Balatonmáriafürdő
8637;Somogy;Balatonőszöd
8255;Veszprém;Balatonrendes
8651;Somogy;Balatonszabadi
8624;Somogy;Balatonszárszó
8636;Somogy;Balatonszemes
8710;Somogy;Balatonszentgyörgy
8252;Veszprém;Balatonszepezd
8233;Veszprém;Balatonszőlős
8242;Veszprém;Balatonudvari
8712;Somogy;Balatonújlak
8171;Veszprém;Balatonvilágos
8054;Fejér;Balinka
8055;Fejér;Balinka
4233;Szabolcs-Szatmár-Bereg;Balkány
6035;Bács-Kiskun;Ballószög
4060;Hajdú-Bihar;Balmazújváros
9771;Vas;Balogunyom
6412;Bács-Kiskun;Balotaszállás
4468;Szabolcs-Szatmár-Bereg;Balsa
8614;Somogy;Bálványos
2944;Komárom-Esztergom;Bana
8443;Veszprém;Bánd
7914;Baranya;Bánfa
3642;Borsod-Abaúj-Zemplén;Bánhorváti
2653;Nógrád;Bánk
8891;Zala;Bánokszentgyörgy
3654;Borsod-Abaúj-Zemplén;Bánréve
7711;Baranya;Bár
4937;Szabolcs-Szatmár-Bereg;Barabás
2426;Fejér;Baracs
2427;Fejér;Baracs
2471;Fejér;Baracska
4161;Hajdú-Bihar;Báránd
7841;Baranya;Baranyahidvég
7384;Baranya;Baranyajenő
7383;Baranya;Baranyaszentgyörgy
9169;Győr-Moson-Sopron;Barbacs
7557;Somogy;Barcs
7570;Somogy;Barcs
7478;Somogy;Bárdudvarnok
8948;Zala;Barlahida
3126;Nógrád;Bárna
8291;Veszprém;Barnag
2883;Komárom-Esztergom;Bársonyos
7923;Baranya;Basal
3881;Borsod-Abaúj-Zemplén;Baskó
7149;Tolna;Báta
7164;Tolna;Bátaapáti
7140;Tolna;Bátaszék
7258;Somogy;Baté
6528;Bács-Kiskun;Bátmonostor
3070;Nógrád;Bátonyterenye
3078;Nógrád;Bátonyterenye
3336;Heves;Bátor
4343;Szabolcs-Szatmár-Bereg;Bátorliget
5830;Békés;Battonya
6351;Bács-Kiskun;Bátya
8797;Zala;Batyk
8887;Zala;Bázakerettye
8352;Veszprém;Bazsi
8565;Veszprém;Béb
8866;Zala;Becsehely
2693;Nógrád;Becske
3768;Borsod-Abaúj-Zemplén;Becskeháza
8985;Zala;Becsvölgye
8666;Somogy;Bedegkér
4128;Hajdú-Bihar;Bedő
9683;Vas;Bejcgyertyános
8515;Veszprém;Békás
3903;Borsod-Abaúj-Zemplén;Bekecs
5630;Békés;Békés
5600;Békés;Békéscsaba
5623;Békés;Békéscsaba
5671;Békés;Békéscsaba
5946;Békés;Békéssámson
5561;Békés;Békésszentandrás
3343;Heves;Bekölce
3346;Heves;Bélapátfalva
7589;Somogy;Bélavár
7061;Tolna;Belecska
9343;Győr-Moson-Sopron;Beled
7543;Somogy;Beleg
8855;Zala;Belezna
5643;Békés;Bélmegyer
2455;Fejér;Beloiannisz
8978;Zala;Belsősárd
7747;Baranya;Belvárdgyula
4643;Szabolcs-Szatmár-Bereg;Benk
2216;Pest;Bénye
3045;Nógrád;Bér
9831;Vas;Bérbaltavár
2687;Nógrád;Bercel
4934;Szabolcs-Szatmár-Bereg;Beregdaróc
4933;Szabolcs-Szatmár-Bereg;Beregsurány
4116;Hajdú-Bihar;Berekböszörmény
5309;Jász-Nagykun-Szolnok;Berekfürdő
7827;Baranya;Beremend
3704;Borsod-Abaúj-Zemplén;Berente
3834;Borsod-Abaúj-Zemplén;Beret
4100;Hajdú-Bihar;Berettyóújfalu
4103;Hajdú-Bihar;Berettyóújfalu
8181;Veszprém;Berhida
8182;Veszprém;Berhida
2641;Nógrád;Berkenye
7664;Baranya;Berkesd
4521;Szabolcs-Szatmár-Bereg;Berkesz
2639;Pest;Bernecebaráti
3575;Borsod-Abaúj-Zemplén;Berzék
7516;Somogy;Berzence
7838;Baranya;Besence
4557;Szabolcs-Szatmár-Bereg;Besenyőd
3373;Heves;Besenyőtelek
5071;Jász-Nagykun-Szolnok;Besenyszög
2456;Fejér;Besnyő
4488;Szabolcs-Szatmár-Bereg;Beszterec
7782;Baranya;Bezedek
9223;Győr-Moson-Sopron;Bezenye
8934;Zala;Bezeréd
9162;Győr-Moson-Sopron;Bezi
2051;Pest;Biatorbágy
7671;Baranya;Bicsérd
2060;Fejér;Bicske
4175;Hajdú-Bihar;Bihardancsháza
4110;Hajdú-Bihar;Biharkeresztes
4172;Hajdú-Bihar;Biharnagybajom
4174;Hajdú-Bihar;Bihartorda
5538;Békés;Biharugra
7043;Tolna;Bikács
7346;Baranya;Bikal
4235;Szabolcs-Szatmár-Bereg;Biri
7747;Baranya;Birján
7811;Baranya;Bisse
9625;Vas;Bő
9542;Vas;Boba
8943;Zala;Bocfölde
3368;Heves;Boconád
3574;Borsod-Abaúj-Zemplén;Bőcs
6235;Bács-Kiskun;Bócsa
8776;Zala;Bocska
4241;Hajdú-Bihar;Bocskaikert
7672;Baranya;Boda
8053;Fejér;Bodajk
8991;Zala;Böde
8969;Zala;Bödeháza
8085;Fejér;Bodmér
7394;Baranya;Bodolyabér
9134;Győr-Moson-Sopron;Bodonhely
3243;Heves;Bodony
8471;Veszprém;Bodorfa
7439;Somogy;Bodrog
3987;Borsod-Abaúj-Zemplén;Bodroghalom
3916;Borsod-Abaúj-Zemplén;Bodrogkeresztúr
3917;Borsod-Abaúj-Zemplén;Bodrogkisfalud
3943;Borsod-Abaúj-Zemplén;Bodrogolaszi
3768;Borsod-Abaúj-Zemplén;Bódvalenke
3764;Borsod-Abaúj-Zemplén;Bódvarákó
3763;Borsod-Abaúj-Zemplén;Bódvaszilas
3412;Borsod-Abaúj-Zemplén;Bogács
7742;Baranya;Bogád
7836;Baranya;Bogádmindszent
7966;Baranya;Bogdása
9612;Vas;Bögöt
9675;Vas;Bögöte
7132;Tolna;Bogyiszló
9324;Győr-Moson-Sopron;Bogyoszló
8719;Somogy;Böhönye
4114;Hajdú-Bihar;Bojt
8741;Zala;Bókaháza
2855;Komárom-Esztergom;Bokod
4231;Szabolcs-Szatmár-Bereg;Bököny
3066;Nógrád;Bokor
7025;Tolna;Bölcske
3016;Heves;Boldog
7937;Baranya;Boldogasszonyfa
3884;Borsod-Abaúj-Zemplén;Boldogkőújfalu
3885;Borsod-Abaúj-Zemplén;Boldogkőváralja
3794;Borsod-Abaúj-Zemplén;Boldva
7517;Somogy;Bolhás
7586;Somogy;Bolhó
7754;Baranya;Bóly
8992;Zala;Boncodfölde
7281;Somogy;Bonnya
9073;Győr-Moson-Sopron;Bőny
7150;Tolna;Bonyhád
7187;Tolna;Bonyhád
7158;Tolna;Bonyhádvarasd
9152;Győr-Moson-Sopron;Börcs
6795;Csongrád;Bordány
9554;Vas;Borgáta
7756;Baranya;Borjád
6445;Bács-Kiskun;Borota
8885;Zala;Borsfa
3658;Borsod-Abaúj-Zemplén;Borsodbóta
3426;Borsod-Abaúj-Zemplén;Borsodgeszt
3462;Borsod-Abaúj-Zemplén;Borsodivánka
3671;Borsod-Abaúj-Zemplén;Borsodnádasd
3672;Borsod-Abaúj-Zemplén;Borsodnádasd
3623;Borsod-Abaúj-Zemplén;Borsodszentgyörgy
3796;Borsod-Abaúj-Zemplén;Borsodszirák
2644;Nógrád;Borsosberény
8479;Veszprém;Borszörcsök
8428;Veszprém;Borzavár
8772;Zala;Börzönce
9167;Győr-Moson-Sopron;Bősárkány
7811;Baranya;Bosta
7475;Somogy;Bőszénfa
4955;Szabolcs-Szatmár-Bereg;Botpalád
7900;Baranya;Botykapeterd
9727;Vas;Bozsok
3994;Borsod-Abaúj-Zemplén;Bózsva
9752;Vas;Bozzai
5527;Békés;Bucsa
9792;Vas;Bucsu
8925;Zala;Bucsuszentlászló
8893;Zala;Bucsuta
2093;Pest;Budajenő
2011;Pest;Budakalász
2092;Pest;Budakeszi
2040;Pest;Budaörs
1011;Pest;Budapest
1012;Pest;Budapest
1013;Pest;Budapest
1014;Pest;Budapest
1015;Pest;Budapest
1016;Pest;Budapest
1021;Pest;Budapest
1022;Pest;Budapest
1023;Pest;Budapest
1024;Pest;Budapest
1025;Pest;Budapest
1026;Pest;Budapest
1027;Pest;Budapest
1028;Pest;Budapest
1029;Pest;Budapest
1031;Pest;Budapest
1032;Pest;Budapest
1033;Pest;Budapest
1034;Pest;Budapest
1035;Pest;Budapest
1036;Pest;Budapest
1037;Pest;Budapest
1038;Pest;Budapest
1039;Pest;Budapest
1041;Pest;Budapest
1042;Pest;Budapest
1043;Pest;Budapest
1044;Pest;Budapest
1045;Pest;Budapest
1046;Pest;Budapest
1047;Pest;Budapest
1048;Pest;Budapest
1051;Pest;Budapest
1052;Pest;Budapest
1053;Pest;Budapest
1054;Pest;Budapest
1055;Pest;Budapest
1056;Pest;Budapest
1061;Pest;Budapest
1062;Pest;Budapest
1063;Pest;Budapest
1064;Pest;Budapest
1065;Pest;Budapest
1066;Pest;Budapest
1067;Pest;Budapest
1068;Pest;Budapest
1069;Pest;Budapest
1071;Pest;Budapest
1072;Pest;Budapest
1073;Pest;Budapest
1074;Pest;Budapest
1075;Pest;Budapest
1076;Pest;Budapest
1077;Pest;Budapest
1078;Pest;Budapest
1081;Pest;Budapest
1082;Pest;Budapest
1083;Pest;Budapest
1084;Pest;Budapest
1085;Pest;Budapest
1086;Pest;Budapest
1087;Pest;Budapest
1088;Pest;Budapest
1089;Pest;Budapest
1091;Pest;Budapest
1092;Pest;Budapest
1093;Pest;Budapest
1094;Pest;Budapest
1095;Pest;Budapest
1096;Pest;Budapest
1097;Pest;Budapest
1098;Pest;Budapest
1101;Pest;Budapest
1102;Pest;Budapest
1103;Pest;Budapest
1104;Pest;Budapest
1105;Pest;Budapest
1106;Pest;Budapest
1107;Pest;Budapest
1108;Pest;Budapest
1111;Pest;Budapest
1112;Pest;Budapest
1113;Pest;Budapest
1114;Pest;Budapest
1115;Pest;Budapest
1116;Pest;Budapest
1117;Pest;Budapest
1118;Pest;Budapest
1119;Pest;Budapest
1121;Pest;Budapest
1122;Pest;Budapest
1123;Pest;Budapest
1124;Pest;Budapest
1125;Pest;Budapest
1126;Pest;Budapest
1131;Pest;Budapest
1132;Pest;Budapest
1133;Pest;Budapest
1134;Pest;Budapest
1135;Pest;Budapest
1136;Pest;Budapest
1137;Pest;Budapest
1138;Pest;Budapest
1139;Pest;Budapest
1141;Pest;Budapest
1142;Pest;Budapest
1143;Pest;Budapest
1144;Pest;Budapest
1145;Pest;Budapest
1146;Pest;Budapest
1147;Pest;Budapest
1148;Pest;Budapest
1149;Pest;Budapest
1151;Pest;Budapest
1152;Pest;Budapest
1153;Pest;Budapest
1154;Pest;Budapest
1155;Pest;Budapest
1156;Pest;Budapest
1157;Pest;Budapest
1158;Pest;Budapest
1161;Pest;Budapest
1162;Pest;Budapest
1163;Pest;Budapest
1164;Pest;Budapest
1165;Pest;Budapest
1171;Pest;Budapest
1172;Pest;Budapest
1173;Pest;Budapest
1174;Pest;Budapest
1181;Pest;Budapest
1182;Pest;Budapest
1183;Pest;Budapest
1184;Pest;Budapest
1185;Pest;Budapest
1186;Pest;Budapest
1188;Pest;Budapest
1191;Pest;Budapest
1192;Pest;Budapest
1193;Pest;Budapest
1194;Pest;Budapest
1195;Pest;Budapest
1196;Pest;Budapest
1201;Pest;Budapest
1202;Pest;Budapest
1203;Pest;Budapest
1204;Pest;Budapest
1205;Pest;Budapest
1211;Pest;Budapest
1212;Pest;Budapest
1213;Pest;Budapest
1214;Pest;Budapest
1215;Pest;Budapest
1221;Pest;Budapest
1222;Pest;Budapest
1223;Pest;Budapest
1224;Pest;Budapest
1225;Pest;Budapest
1237;Pest;Budapest
1238;Pest;Budapest
1239;Pest;Budapest
1529;Pest;Budapest
6114;Bács-Kiskun;Bugac
6114;Bács-Kiskun;Bugacpusztaháza
2347;Pest;Bugyi
4483;Szabolcs-Szatmár-Bereg;Buj
3047;Nógrád;Buják
9737;Vas;Bük
9740;Vas;Bük
3422;Borsod-Abaúj-Zemplén;Bükkábrány
3554;Borsod-Abaúj-Zemplén;Bükkaranyos
3648;Borsod-Abaúj-Zemplén;Bükkmogyorósd
7682;Baranya;Bükkösd
3335;Heves;Bükkszék
3257;Heves;Bükkszenterzsébet
3557;Borsod-Abaúj-Zemplén;Bükkszentkereszt
3346;Heves;Bükkszentmárton
3414;Borsod-Abaúj-Zemplén;Bükkzsérc
7973;Baranya;Bürüs
7273;Somogy;Büssü
3821;Borsod-Abaúj-Zemplén;Büttös
8695;Somogy;Buzsák
9725;Vas;Cák
9165;Győr-Moson-Sopron;Cakóháza
7013;Fejér;Cece
4732;Szabolcs-Szatmár-Bereg;Cégénydányád
2700;Pest;Cegléd
2738;Pest;Cegléd
2737;Pest;Ceglédbercel
9500;Vas;Celldömölk
9541;Vas;Celldömölk
3123;Nógrád;Cered
9624;Vas;Chernelházadamonya
5462;Jász-Nagykun-Szolnok;Cibakháza
3973;Borsod-Abaúj-Zemplén;Cigánd
7161;Tolna;Cikó
9364;Győr-Moson-Sopron;Cirák
5551;Békés;Csabacsűd
5609;Békés;Csabaszabadi
2064;Fejér;Csabdi
8474;Veszprém;Csabrendek
9375;Győr-Moson-Sopron;Csáfordjánosfa
4967;Szabolcs-Szatmár-Bereg;Csaholc
8163;Veszprém;Csajág
8735;Somogy;Csákány
9919;Vas;Csákánydoroszló
8073;Fejér;Csákberény
8083;Fejér;Csákvár
6915;Csongrád;Csanádalberti
5662;Békés;Csanádapáca
6913;Csongrád;Csanádpalota
9654;Vas;Csánig
3015;Heves;Csány
7964;Baranya;Csányoszró
6647;Csongrád;Csanytelek
8756;Zala;Csapi
9372;Győr-Moson-Sopron;Csapod
5621;Békés;Csárdaszállás
7811;Baranya;Csarnóta
4844;Szabolcs-Szatmár-Bereg;Csaroda
2858;Komárom-Esztergom;Császár
6239;Bács-Kiskun;Császártöltés
4973;Szabolcs-Szatmár-Bereg;Császló
6523;Bács-Kiskun;Csátalja
8943;Zala;Csatár
5064;Jász-Nagykun-Szolnok;Csataszög
2888;Komárom-Esztergom;Csatka
6448;Bács-Kiskun;Csávoly
7935;Baranya;Csebény
3052;Nógrád;Csécse
4742;Szabolcs-Szatmár-Bereg;Csegöld
8445;Veszprém;Csehbánya
9833;Vas;Csehi
9834;Vas;Csehimindszent
2949;Komárom-Esztergom;Csém
2713;Pest;Csemő
9764;Vas;Csempeszkopács
6765;Csongrád;Csengele
4765;Szabolcs-Szatmár-Bereg;Csenger
4743;Szabolcs-Szatmár-Bereg;Csengersima
4764;Szabolcs-Szatmár-Bereg;Csengerújfalu
6222;Bács-Kiskun;Csengőd
9611;Vas;Csénye
3837;Borsod-Abaúj-Zemplén;Csenyéte
2946;Komárom-Esztergom;Csép
5475;Jász-Nagykun-Szolnok;Csépa
9735;Vas;Csepreg
9375;Győr-Moson-Sopron;Csér
7683;Baranya;Cserdi
7472;Somogy;Cserénfa
3413;Borsod-Abaúj-Zemplén;Cserépfalu
3417;Borsod-Abaúj-Zemplén;Cserépváralja
2694;Nógrád;Cserháthaláp
2676;Nógrád;Cserhátsurány
3066;Nógrád;Cserhátszentiván
5465;Jász-Nagykun-Szolnok;Cserkeszőlő
7673;Baranya;Cserkút
3648;Borsod-Abaúj-Zemplén;Csernely
8372;Zala;Cserszegtomaj
8951;Zala;Csertalakos
7900;Baranya;Csertő
8419;Veszprém;Csesznek
8973;Zala;Csesztreg
2678;Nógrád;Csesztve
8417;Veszprém;Csetény
2212;Pest;Csévharaszt
7225;Tolna;Csibrák
6424;Bács-Kiskun;Csikéria
7341;Tolna;Csikóstőttős
9127;Győr-Moson-Sopron;Csikvánd
3442;Borsod-Abaúj-Zemplén;Csincse
9836;Vas;Csipkerek
2673;Nógrád;Csitár
3848;Borsod-Abaúj-Zemplén;Csobád
3927;Borsod-Abaúj-Zemplén;Csobaj
2014;Pest;Csobánka
8999;Zala;Csöde
8495;Veszprém;Csögle
8074;Fejér;Csókakő
4145;Hajdú-Bihar;Csökmő
7526;Somogy;Csököly
7555;Somogy;Csokonyavisonta
3647;Borsod-Abaúj-Zemplén;Csokvaomány
2521;Komárom-Esztergom;Csolnok
6135;Bács-Kiskun;Csólyospálos
7253;Somogy;Csoma
2161;Pest;Csomád
7432;Somogy;Csombárd
8700;Somogy;Csömend
8957;Zala;Csömödér
2141;Pest;Csömör
9513;Vas;Csönge
6640;Csongrád;Csongrád
6648;Csongrád;Csongrád
8918;Zala;Csonkahegyhát
7940;Baranya;Csonkamindszent
8229;Veszprém;Csopak
8041;Fejér;Csór
9300;Győr-Moson-Sopron;Csorna
8873;Zala;Csörnyeföld
2135;Pest;Csörög
9962;Vas;Csörötnek
5920;Békés;Csorvás
8122;Fejér;Csősz
8558;Veszprém;Csót
2615;Pest;Csővár
8840;Somogy;Csurgó
8840;Somogy;Csurgónagymarton
7843;Baranya;Cún
2370;Pest;Dabas
2371;Pest;Dabas
2373;Pest;Dabas
8345;Veszprém;Dabronc
8485;Veszprém;Dabrony
2854;Komárom-Esztergom;Dad
2522;Komárom-Esztergom;Dág
8592;Veszprém;Dáka
7211;Tolna;Dalmand
3780;Borsod-Abaúj-Zemplén;Damak
3978;Borsod-Abaúj-Zemplén;Dámóc
2735;Pest;Dánszentmiklós
2118;Pest;Dány
9917;Vas;Daraboshegy
7988;Somogy;Darány
4737;Szabolcs-Szatmár-Bereg;Darnó
9232;Győr-Moson-Sopron;Darnózseli
2423;Fejér;Daruszentmiklós
4144;Hajdú-Bihar;Darvas
6524;Bács-Kiskun;Dávod
2694;Nógrád;Debercsény
4000;Hajdú-Bihar;Debrecen
4002;Hajdú-Bihar;Debrecen
4024;Hajdú-Bihar;Debrecen
4025;Hajdú-Bihar;Debrecen
4026;Hajdú-Bihar;Debrecen
4027;Hajdú-Bihar;Debrecen
4028;Hajdú-Bihar;Debrecen
4029;Hajdú-Bihar;Debrecen
4030;Hajdú-Bihar;Debrecen
4031;Hajdú-Bihar;Debrecen
4032;Hajdú-Bihar;Debrecen
4033;Hajdú-Bihar;Debrecen
4034;Hajdú-Bihar;Debrecen
4063;Hajdú-Bihar;Debrecen
4078;Hajdú-Bihar;Debrecen
4079;Hajdú-Bihar;Debrecen
4225;Hajdú-Bihar;Debrecen
3825;Borsod-Abaúj-Zemplén;Debréte
7144;Tolna;Decs
3643;Borsod-Abaúj-Zemplén;Dédestapolcsány
8135;Fejér;Dég
2649;Nógrád;Dejtár
2337;Pest;Délegyháza
4516;Szabolcs-Szatmár-Bereg;Demecser
3395;Heves;Demjén
7915;Baranya;Dencsháza
9365;Győr-Moson-Sopron;Dénesfa
4130;Hajdú-Bihar;Derecske
6621;Csongrád;Derekegyház
6772;Csongrád;Deszk
3834;Borsod-Abaúj-Zemplén;Detek
3275;Heves;Detk
5510;Békés;Dévaványa
8460;Veszprém;Devecser
7683;Baranya;Dinnyeberki
7072;Tolna;Diósberény
2049;Pest;Diósd
2643;Nógrád;Diósjenő
8764;Zala;Dióskál
7817;Baranya;Diósviszló
8482;Veszprém;Doba
9914;Vas;Döbörhegy
5624;Békés;Doboz
8874;Zala;Dobri
8357;Zala;Döbröce
7228;Tolna;Döbrököz
8989;Zala;Dobronhegy
8597;Veszprém;Döbrönte
6766;Csongrád;Dóc
4495;Szabolcs-Szatmár-Bereg;Döge
3627;Borsod-Abaúj-Zemplén;Domaháza
6781;Csongrád;Domaszék
5836;Békés;Dombegyház
5745;Békés;Dombiratos
7200;Tolna;Dombóvár
4492;Szabolcs-Szatmár-Bereg;Dombrád
2182;Pest;Domony
2027;Komárom-Esztergom;Dömös
3263;Heves;Domoszló
2344;Pest;Dömsöd
9147;Győr-Moson-Sopron;Dör
8244;Veszprém;Dörgicse
3374;Heves;Dormánd
2510;Komárom-Esztergom;Dorog
3153;Nógrád;Dorogháza
9913;Vas;Döröske
8799;Zala;Dötk
3721;Borsod-Abaúj-Zemplén;Dövény
9791;Vas;Dozmat
6342;Bács-Kiskun;Drágszél
7849;Baranya;Drávacsehi
7846;Baranya;Drávacsepely
7967;Baranya;Drávafok
7977;Somogy;Drávagárdony
7960;Baranya;Drávaiványi
7967;Baranya;Drávakeresztúr
7850;Baranya;Drávapalkonya
7843;Baranya;Drávapiski
7851;Baranya;Drávaszabolcs
7847;Baranya;Drávaszerdahely
7960;Baranya;Drávasztára
7979;Somogy;Drávatamási
2646;Nógrád;Drégelypalánk
3635;Borsod-Abaúj-Zemplén;Dubicsány
8416;Veszprém;Dudar
9556;Vas;Duka
2545;Komárom-Esztergom;Dunaalmás
2023;Pest;Dunabogdány
6323;Bács-Kiskun;Dunaegyháza
6513;Bács-Kiskun;Dunafalva
7020;Tolna;Dunaföldvár
2330;Pest;Dunaharaszti
2120;Pest;Dunakeszi
9225;Győr-Moson-Sopron;Dunakiliti
6328;Bács-Kiskun;Dunapataj
9235;Győr-Moson-Sopron;Dunaremete
9174;Győr-Moson-Sopron;Dunaszeg
7712;Baranya;Dunaszekcső
6333;Bács-Kiskun;Dunaszentbenedek
7135;Tolna;Dunaszentgyörgy
2897;Komárom-Esztergom;Dunaszentmiklós
9175;Győr-Moson-Sopron;Dunaszentpál
9226;Győr-Moson-Sopron;Dunasziget
6325;Bács-Kiskun;Dunatetétlen
2400;Fejér;Dunaújváros
2407;Fejér;Dunaújváros
2336;Pest;Dunavarsány
6087;Bács-Kiskun;Dunavecse
6353;Bács-Kiskun;Dusnok
7224;Tolna;Dúzs
9451;Győr-Moson-Sopron;Ebergőc
4211;Hajdú-Bihar;Ebes
9083;Győr-Moson-Sopron;Écs
3013;Heves;Ecséd
3053;Nógrád;Ecseg
5515;Békés;Ecsegfalva
7457;Somogy;Ecseny
2233;Pest;Ecser
7443;Somogy;Edde
3780;Borsod-Abaúj-Zemplén;Edelény
3783;Borsod-Abaúj-Zemplén;Edelény
9343;Győr-Moson-Sopron;Edve
3300;Heves;Eger
3304;Heves;Eger
7763;Baranya;Egerág
8497;Veszprém;Egeralja
8765;Zala;Egeraracsa
3321;Heves;Egerbakta
3337;Heves;Egerbocs
3341;Heves;Egercsehi
3379;Heves;Egerfarmos
3461;Borsod-Abaúj-Zemplén;Egerlövő
3394;Heves;Egerszalók
3757;Borsod-Abaúj-Zemplén;Égerszög
3328;Heves;Egerszólát
8913;Zala;Egervár
9684;Vas;Egervölgy
9314;Győr-Moson-Sopron;Egyed
4067;Hajdú-Bihar;Egyek
4069;Hajdú-Bihar;Egyek
3043;Nógrád;Egyházasdengeleg
9473;Győr-Moson-Sopron;Egyházasfalu
3185;Nógrád;Egyházasgerge
7824;Baranya;Egyházasharaszti
9554;Vas;Egyházashetye
9781;Vas;Egyházashollós
8523;Veszprém;Egyházaskesző
7347;Baranya;Egyházaskozár
9783;Vas;Egyházasrádóc
5742;Békés;Elek
7744;Baranya;Ellend
2424;Fejér;Előszállás
3432;Borsod-Abaúj-Zemplén;Emőd
3854;Borsod-Abaúj-Zemplén;Encs
3860;Borsod-Abaúj-Zemplén;Encs
4374;Szabolcs-Szatmár-Bereg;Encsencs
3165;Nógrád;Endrefalva
7973;Baranya;Endrőc
9143;Győr-Moson-Sopron;Enese
8130;Fejér;Enying
8131;Fejér;Enying
6624;Csongrád;Eperjes
4646;Szabolcs-Szatmár-Bereg;Eperjeske
8413;Veszprém;Eplény
2526;Komárom-Esztergom;Epöl
2451;Fejér;Ercsi
2453;Fejér;Ercsi
2030;Pest;Érd
2035;Pest;Érd
2036;Pest;Érd
3932;Borsod-Abaúj-Zemplén;Erdőbénye
3935;Borsod-Abaúj-Zemplén;Erdőhorváti
2113;Pest;Erdőkertes
3252;Heves;Erdőkövesd
2176;Nógrád;Erdőkürt
7735;Baranya;Erdősmárok
7723;Baranya;Erdősmecske
2177;Nógrád;Erdőtarcsa
3358;Heves;Erdőtelek
3295;Heves;Erk
4245;Szabolcs-Szatmár-Bereg;Érpatak
6347;Bács-Kiskun;Érsekcsanád
6348;Bács-Kiskun;Érsekhalma
2659;Nógrád;Érsekvadkert
7093;Tolna;Értény
7661;Baranya;Erzsébet
4124;Hajdú-Bihar;Esztár
8882;Zala;Eszteregnye
8742;Zala;Esztergályhorváti
2500;Komárom-Esztergom;Esztergom
2509;Komárom-Esztergom;Esztergom
2947;Komárom-Esztergom;Ete
3136;Nógrád;Etes
2091;Fejér;Etyek
4354;Szabolcs-Szatmár-Bereg;Fábiánháza
6625;Csongrád;Fábiánsebestyén
7136;Tolna;Fácánkert
7133;Tolna;Fadd
7139;Tolna;Fadd
3865;Borsod-Abaúj-Zemplén;Fáj
6352;Bács-Kiskun;Fajsz
3855;Borsod-Abaúj-Zemplén;Fancsal
9321;Győr-Moson-Sopron;Farád
8582;Veszprém;Farkasgyepű
3608;Borsod-Abaúj-Zemplén;Farkaslyuk
2765;Pest;Farmos
7732;Baranya;Fazekasboda
3255;Heves;Fedémes
5213;Jász-Nagykun-Szolnok;Fegyvernek
5231;Jász-Nagykun-Szolnok;Fegyvernek
4900;Szabolcs-Szatmár-Bereg;Fehérgyarmat
9163;Győr-Moson-Sopron;Fehértó
8052;Fejér;Fehérvárcsurgó
7724;Baranya;Feked
9211;Győr-Moson-Sopron;Feketeerdő
8086;Fejér;Felcsút
3352;Heves;Feldebrő
6645;Csongrád;Felgyő
9122;Győr-Moson-Sopron;Felpéc
3985;Borsod-Abaúj-Zemplén;Felsőberecki
9794;Vas;Felsőcsatár
3847;Borsod-Abaúj-Zemplén;Felsődobsza
7370;Baranya;Felsőegerszeg
3837;Borsod-Abaúj-Zemplén;Felsőgagy
9934;Vas;Felsőjánosfa
3722;Borsod-Abaúj-Zemplén;Felsőkelecsény
6055;Bács-Kiskun;Felsőlajos
9918;Vas;Felsőmarác
7456;Somogy;Felsőmocsolád
7175;Tolna;Felsőnána
3721;Borsod-Abaúj-Zemplén;Felsőnyárád
7099;Tolna;Felsőnyék
8227;Veszprém;Felsőörs
8380;Zala;Felsőpáhok
2363;Pest;Felsőpakony
2611;Nógrád;Felsőpetény
8767;Zala;Felsőrajk
3989;Borsod-Abaúj-Zemplén;Felsőregmec
8973;Zala;Felsőszenterzsébet
6447;Bács-Kiskun;Felsőszentiván
7968;Baranya;Felsőszentmárton
9985;Vas;Felsőszölnök
3324;Heves;Felsőtárkány
3735;Borsod-Abaúj-Zemplén;Felsőtelekes
3067;Nógrád;Felsőtold
3814;Borsod-Abaúj-Zemplén;Felsővadász
3561;Borsod-Abaúj-Zemplén;Felsőzsolca
4621;Szabolcs-Szatmár-Bereg;Fényeslitke
8432;Győr-Moson-Sopron;Fenyőfő
6774;Csongrád;Ferencszállás
9493;Győr-Moson-Sopron;Fertőboz
9431;Győr-Moson-Sopron;Fertőd
9433;Győr-Moson-Sopron;Fertőd
9442;Győr-Moson-Sopron;Fertőendréd
9492;Győr-Moson-Sopron;Fertőhomok
9421;Győr-Moson-Sopron;Fertőrákos
9444;Győr-Moson-Sopron;Fertőszentmiklós
9436;Győr-Moson-Sopron;Fertőszéplak
7282;Somogy;Fiad
3994;Borsod-Abaúj-Zemplén;Filkeháza
8835;Zala;Fityeház
6331;Bács-Kiskun;Foktő
6922;Csongrád;Földeák
4177;Hajdú-Bihar;Földes
4090;Hajdú-Bihar;Folyás
7271;Somogy;Fonó
3893;Borsod-Abaúj-Zemplén;Fony
8732;Somogy;Főnyed
8640;Somogy;Fonyód
8644;Somogy;Fonyód
6793;Csongrád;Forráskút
3849;Borsod-Abaúj-Zemplén;Forró
2151;Pest;Fót
8157;Fejér;Füle
4964;Szabolcs-Szatmár-Bereg;Fülesd
3864;Borsod-Abaúj-Zemplén;Fulókércs
4266;Hajdú-Bihar;Fülöp
6042;Bács-Kiskun;Fülöpháza
6116;Bács-Kiskun;Fülöpjakab
6085;Bács-Kiskun;Fülöpszállás
4754;Szabolcs-Szatmár-Bereg;Fülpösdaróc
7087;Tolna;Fürged
4141;Hajdú-Bihar;Furta
3996;Borsod-Abaúj-Zemplén;Füzér
3994;Borsod-Abaúj-Zemplén;Füzérkajata
3997;Borsod-Abaúj-Zemplén;Füzérkomlós
3993;Borsod-Abaúj-Zemplén;Füzérradvány
3390;Heves;Füzesabony
5525;Békés;Füzesgyarmat
8777;Zala;Füzvölgy
4122;Hajdú-Bihar;Gáborján
8969;Zala;Gáborjánháza
4972;Szabolcs-Szatmár-Bereg;Gacsály
7276;Somogy;Gadács
8716;Somogy;Gadány
3815;Borsod-Abaúj-Zemplén;Gadna
5932;Békés;Gádoros
3837;Borsod-Abaúj-Zemplén;Gagyapáti
3817;Borsod-Abaúj-Zemplén;Gagybátor
3816;Borsod-Abaúj-Zemplén;Gagyvendégi
8754;Zala;Galambok
2686;Nógrád;Galgaguta
2681;Pest;Galgagyörk
2193;Pest;Galgahévíz
2183;Pest;Galgamácsa
7473;Somogy;Gálosfa
3752;Borsod-Abaúj-Zemplén;Galvács
8685;Somogy;Gamás
8597;Veszprém;Ganna
8082;Fejér;Gánt
6522;Bács-Kiskun;Gara
3067;Nógrád;Garáb
8747;Zala;Garabonc
3873;Borsod-Abaúj-Zemplén;Garadna
4976;Szabolcs-Szatmár-Bereg;Garbolc
2483;Fejér;Gárdony
2484;Fejér;Gárdony
2485;Fejér;Gárdony
7812;Baranya;Garé
9952;Vas;Gasztony
6111;Bács-Kiskun;Gátér
4471;Szabolcs-Szatmár-Bereg;Gávavencsellő
4472;Szabolcs-Szatmár-Bereg;Gávavencsellő
4754;Szabolcs-Szatmár-Bereg;Géberjén
8543;Veszprém;Gecse
6334;Bács-Kiskun;Géderlak
4517;Szabolcs-Szatmár-Bereg;Gégény
3444;Borsod-Abaúj-Zemplén;Gelej
4935;Szabolcs-Szatmár-Bereg;Gelénes
8981;Zala;Gellénháza
8774;Zala;Gelse
8774;Zala;Gelsesziget
4567;Szabolcs-Szatmár-Bereg;Gemzse
9721;Vas;Gencsapáti
9672;Vas;Gérce
7951;Baranya;Gerde
5925;Békés;Gerendás
7362;Baranya;Gerényes
7733;Baranya;Geresdlak
7134;Tolna;Gerjen
9813;Vas;Gersekarát
5734;Békés;Geszt
3715;Borsod-Abaúj-Zemplén;Gesztely
3923;Borsod-Abaúj-Zemplén;Gesztely
4232;Szabolcs-Szatmár-Bereg;Geszteréd
8762;Zala;Gétye
8435;Veszprém;Gic
7527;Somogy;Gige
7954;Baranya;Gilvánfa
3578;Borsod-Abaúj-Zemplén;Girincs
2131;Pest;Göd
2132;Pest;Göd
2100;Pest;Gödöllő
7385;Baranya;Gödre
7386;Baranya;Gödre
8346;Veszprém;Gógánfa
7272;Somogy;Gölle
3906;Borsod-Abaúj-Zemplén;Golop
2217;Pest;Gomba
8984;Zala;Gombosszeg
3728;Borsod-Abaúj-Zemplén;Gömörszőlős
3895;Borsod-Abaúj-Zemplén;Gönc
3894;Borsod-Abaúj-Zemplén;Göncruszka
9071;Győr-Moson-Sopron;Gönyű
9625;Vas;Gór
4075;Hajdú-Bihar;Görbeháza
7833;Baranya;Görcsöny
7728;Baranya;Görcsönydoboka
7853;Baranya;Gordisa
7553;Somogy;Görgeteg
8913;Zala;Gősfa
8978;Zala;Gosztola
7162;Tolna;Grábóc
4842;Szabolcs-Szatmár-Bereg;Gulács
8951;Zala;Gutorfölde
2360;Pest;Gyál
9474;Győr-Moson-Sopron;Gyalóka
9774;Vas;Gyanógeregye
9126;Győr-Moson-Sopron;Gyarmat
8851;Somogy;Gyékényes
8315;Zala;Gyenesdiás
8473;Veszprém;Gyepükaján
2821;Komárom-Esztergom;Gyermely
7668;Baranya;Gyód
5500;Békés;Gyomaendrőd
5502;Békés;Gyomaendrőd
9124;Győr-Moson-Sopron;Gyömöre
2230;Pest;Gyömrő
7954;Baranya;Gyöngyfa
3200;Heves;Gyöngyös
3221;Heves;Gyöngyös
3232;Heves;Gyöngyös
3233;Heves;Gyöngyös
9723;Vas;Gyöngyösfalu
3212;Heves;Gyöngyöshalász
7972;Baranya;Gyöngyösmellék
3211;Heves;Gyöngyösoroszi
3035;Heves;Gyöngyöspata
3231;Heves;Gyöngyössolymos
3036;Heves;Gyöngyöstarján
7064;Tolna;Gyönk
9000;Győr-Moson-Sopron;Győr
9011;Győr-Moson-Sopron;Győr
9012;Győr-Moson-Sopron;Győr
9019;Győr-Moson-Sopron;Győr
9021;Győr-Moson-Sopron;Győr
9022;Győr-Moson-Sopron;Győr
9023;Győr-Moson-Sopron;Győr
9024;Győr-Moson-Sopron;Győr
9025;Győr-Moson-Sopron;Győr
9026;Győr-Moson-Sopron;Győr
9027;Győr-Moson-Sopron;Győr
9028;Győr-Moson-Sopron;Győr
9029;Győr-Moson-Sopron;Győr
9030;Győr-Moson-Sopron;Győr
9093;Győr-Moson-Sopron;Győrasszonyfa
7352;Tolna;Györe
3954;Borsod-Abaúj-Zemplén;Györgytarló
7045;Tolna;Györköny
9173;Győr-Moson-Sopron;Győrladamér
9363;Győr-Moson-Sopron;Gyóró
4625;Szabolcs-Szatmár-Bereg;Győröcske
9084;Győr-Moson-Sopron;Győrság
9161;Győr-Moson-Sopron;Győrsövényház
9121;Győr-Moson-Sopron;Győrszemere
4752;Szabolcs-Szatmár-Bereg;Győrtelek
9081;Győr-Moson-Sopron;Győrújbarát
9171;Győr-Moson-Sopron;Győrújfalu
9821;Vas;Győrvár
9172;Győr-Moson-Sopron;Győrzámoly
8692;Somogy;Gyugy
4733;Szabolcs-Szatmár-Bereg;Gyügye
5700;Békés;Gyula
5703;Békés;Gyula
5711;Békés;Gyula
4545;Szabolcs-Szatmár-Bereg;Gyulaháza
7227;Tolna;Gyulaj
8286;Veszprém;Gyulakeszi
4813;Szabolcs-Szatmár-Bereg;Gyüre
2464;Fejér;Gyúró
8932;Zala;Gyűrűs
8694;Somogy;Hács
8992;Zala;Hagyárosbörönd
8771;Zala;Hahót
4273;Hajdú-Bihar;Hajdúbagos
4074;Hajdú-Bihar;Hajdúböszörmény
4086;Hajdú-Bihar;Hajdúböszörmény
4220;Hajdú-Bihar;Hajdúböszörmény
4224;Hajdú-Bihar;Hajdúböszörmény
4087;Hajdú-Bihar;Hajdúdorog
4242;Hajdú-Bihar;Hajdúhadház
4080;Hajdú-Bihar;Hajdúnánás
4085;Hajdú-Bihar;Hajdúnánás
4251;Hajdú-Bihar;Hajdúsámson
4200;Hajdú-Bihar;Hajdúszoboszló
4212;Hajdú-Bihar;Hajdúszovát
7473;Somogy;Hajmás
8192;Veszprém;Hajmáskér
6344;Bács-Kiskun;Hajós
9814;Vas;Halastó
9228;Győr-Moson-Sopron;Halászi
2314;Pest;Halásztelek
8452;Veszprém;Halimba
3842;Borsod-Abaúj-Zemplén;Halmaj
3273;Heves;Halmajugra
9917;Vas;Halogy
3795;Borsod-Abaúj-Zemplén;Hangács
3626;Borsod-Abaúj-Zemplén;Hangony
2434;Fejér;Hantos
9784;Vas;Harasztifalu
7172;Tolna;Harc
9422;Győr-Moson-Sopron;Harka
6136;Bács-Kiskun;Harkakötöny
7815;Baranya;Harkány
7585;Somogy;Háromfa
3936;Borsod-Abaúj-Zemplén;Háromhuta
3555;Borsod-Abaúj-Zemplén;Harsány
8442;Veszprém;Hárskút
6326;Bács-Kiskun;Harta
6327;Bács-Kiskun;Harta
7745;Baranya;Hásságy
3000;Heves;Hatvan
9178;Győr-Moson-Sopron;Hédervár
7533;Somogy;Hedrehely
8296;Veszprém;Hegyesd
9222;Győr-Moson-Sopron;Hegyeshalom
9631;Vas;Hegyfalu
9915;Vas;Hegyháthodász
7348;Baranya;Hegyhátmaróc
9915;Vas;Hegyhátsál
9934;Vas;Hegyhátszentjakab
9931;Vas;Hegyhátszentmárton
9826;Vas;Hegyhátszentpéter
9437;Győr-Moson-Sopron;Hegykő
8265;Veszprém;Hegymagas
3786;Borsod-Abaúj-Zemplén;Hegymeg
7837;Baranya;Hegyszentmárton
3041;Nógrád;Héhalom
3892;Borsod-Abaúj-Zemplén;Hejce
3593;Borsod-Abaúj-Zemplén;Hejőbába
3597;Borsod-Abaúj-Zemplén;Hejőkeresztúr
3588;Borsod-Abaúj-Zemplén;Hejőkürt
3594;Borsod-Abaúj-Zemplén;Hejőpapi
3595;Borsod-Abaúj-Zemplén;Hejőszalonta
7683;Baranya;Helesfa
6034;Bács-Kiskun;Helvécia
4123;Hajdú-Bihar;Hencida
7532;Somogy;Hencse
2053;Pest;Herceghalom
3958;Borsod-Abaúj-Zemplén;Hercegkút
6525;Bács-Kiskun;Hercegszántó
3011;Heves;Heréd
2832;Komárom-Esztergom;Héreg
2677;Nógrád;Herencsény
8440;Veszprém;Herend
7587;Somogy;Heresznye
4735;Szabolcs-Szatmár-Bereg;Hermánszeg
2376;Pest;Hernád
3853;Borsod-Abaúj-Zemplén;Hernádbűd
3887;Borsod-Abaúj-Zemplén;Hernádcéce
3563;Borsod-Abaúj-Zemplén;Hernádkak
3846;Borsod-Abaúj-Zemplén;Hernádkércs
3564;Borsod-Abaúj-Zemplén;Hernádnémeti
3874;Borsod-Abaúj-Zemplén;Hernádpetri
3852;Borsod-Abaúj-Zemplén;Hernádszentandrás
3875;Borsod-Abaúj-Zemplén;Hernádszurdok
3874;Borsod-Abaúj-Zemplén;Hernádvécse
8957;Zala;Hernyék
3655;Borsod-Abaúj-Zemplén;Hét
4843;Szabolcs-Szatmár-Bereg;Hetefejércse
7432;Somogy;Hetes
7681;Baranya;Hetvehely
8344;Veszprém;Hetyefő
3360;Heves;Heves
3322;Heves;Hevesaranyos
3383;Heves;Hevesvezekény
8380;Zala;Hévíz
2192;Pest;Hévízgyörk
7696;Baranya;Hidas
3876;Borsod-Abaúj-Zemplén;Hidasnémeti
8247;Veszprém;Hidegkút
9491;Győr-Moson-Sopron;Hidegség
3768;Borsod-Abaúj-Zemplén;Hidvégardó
7735;Baranya;Himesháza
9362;Győr-Moson-Sopron;Himod
7838;Baranya;Hirics
7971;Baranya;Hobol
4334;Szabolcs-Szatmár-Bereg;Hodász
6800;Csongrád;Hódmezővásárhely
6806;Csongrád;Hódmezővásárhely
7191;Tolna;Hőgyész
8731;Somogy;Hollád
3999;Borsod-Abaúj-Zemplén;Hollóháza
3176;Nógrád;Hollókő
8563;Veszprém;Homokbödöge
8777;Zala;Homokkomárom
6341;Bács-Kiskun;Homokmégy
7537;Somogy;Homokszentgyörgy
7716;Baranya;Homorúd
3812;Borsod-Abaúj-Zemplén;Homrogd
2647;Nógrád;Hont
2658;Nógrád;Horpács
3014;Heves;Hort
4071;Hajdú-Bihar;Hortobágy
7935;Baranya;Horváthertelend
9796;Vas;Horvátlövő
9733;Vas;Horvátzsidány
7694;Baranya;Hosszúhetény
4274;Hajdú-Bihar;Hosszúpályi
9676;Vas;Hosszúpereszteg
8716;Somogy;Hosszúvíz
8777;Zala;Hosszúvölgy
8475;Veszprém;Hosztót
8991;Zala;Hottó
9361;Győr-Moson-Sopron;Hövej
2672;Nógrád;Hugyag
5555;Békés;Hunya
5063;Jász-Nagykun-Szolnok;Hunyadfalva
7678;Baranya;Husztót
7935;Baranya;Ibafa
8984;Zala;Iborfia
4484;Szabolcs-Szatmár-Bereg;Ibrány
7275;Somogy;Igal
7015;Fejér;Igar
7016;Fejér;Igar
3459;Borsod-Abaúj-Zemplén;Igrici
8726;Somogy;Iharos
8725;Somogy;Iharosberény
9756;Vas;Ikervár
2181;Pest;Iklad
9634;Vas;Iklanberény
8958;Zala;Iklódbördőce
9141;Győr-Moson-Sopron;Ikrény
2675;Nógrád;Iliny
4566;Szabolcs-Szatmár-Bereg;Ilk
7775;Baranya;Illocska
3724;Borsod-Abaúj-Zemplén;Imola
6238;Bács-Kiskun;Imrehegy
3851;Borsod-Abaúj-Zemplén;Ináncs
2365;Pest;Inárcs
8724;Somogy;Inke
7847;Baranya;Ipacsfa
2631;Pest;Ipolydamásd
3138;Nógrád;Ipolytarnóc
2633;Pest;Ipolytölgyes
2669;Nógrád;Ipolyvece
7095;Tolna;Iregszemcse
3786;Borsod-Abaúj-Zemplén;Irota
2117;Pest;Isaszeg
9941;Vas;Ispánk
3253;Heves;Istenmezeje
7987;Somogy;Istvándi
8043;Fejér;Iszkaszentgyörgy
8493;Veszprém;Iszkáz
8045;Fejér;Isztimér
3248;Heves;Ivád
9374;Győr-Moson-Sopron;Iván
7772;Baranya;Ivánbattyán
9931;Vas;Ivánc
2454;Fejér;Iváncsa
7781;Baranya;Ivándárda
7353;Tolna;Izmény
6070;Bács-Kiskun;Izsák
3741;Borsod-Abaúj-Zemplén;Izsófalva
7362;Tolna;Jágónak
9798;Vas;Ják
6078;Bács-Kiskun;Jakabszállás
9643;Vas;Jákfa
3721;Borsod-Abaúj-Zemplén;Jákfalva
7525;Somogy;Jákó
4841;Szabolcs-Szatmár-Bereg;Jánd
4741;Szabolcs-Szatmár-Bereg;Jánkmajtis
6440;Bács-Kiskun;Jánoshalma
9545;Vas;Jánosháza
5143;Jász-Nagykun-Szolnok;Jánoshida
9241;Győr-Moson-Sopron;Jánossomorja
9242;Győr-Moson-Sopron;Jánossomorja
3664;Borsod-Abaúj-Zemplén;Járdánháza
4337;Szabolcs-Szatmár-Bereg;Jármi
8424;Veszprém;Jásd
5124;Jász-Nagykun-Szolnok;Jászágó
5054;Jász-Nagykun-Szolnok;Jászalsószentgyörgy
5130;Jász-Nagykun-Szolnok;Jászapáti
5123;Jász-Nagykun-Szolnok;Jászárokszállás
5100;Jász-Nagykun-Szolnok;Jászberény
5152;Jász-Nagykun-Szolnok;Jászberény
5144;Jász-Nagykun-Szolnok;Jászboldogháza
5122;Jász-Nagykun-Szolnok;Jászdózsa
5111;Jász-Nagykun-Szolnok;Jászfelsőszentgyörgy
5126;Jász-Nagykun-Szolnok;Jászfényszaru
5135;Jász-Nagykun-Szolnok;Jászivány
5121;Jász-Nagykun-Szolnok;Jászjákóhalma
2746;Pest;Jászkarajenő
5137;Jász-Nagykun-Szolnok;Jászkisér
5055;Jász-Nagykun-Szolnok;Jászladány
5136;Jász-Nagykun-Szolnok;Jászszentandrás
6133;Bács-Kiskun;Jászszentlászló
5141;Jász-Nagykun-Szolnok;Jásztelek
4611;Szabolcs-Szatmár-Bereg;Jéke
8146;Fejér;Jenő
9323;Győr-Moson-Sopron;Jobaháza
3063;Nógrád;Jobbágyi
3758;Borsod-Abaúj-Zemplén;Jósvafő
7431;Somogy;Juta
4183;Hajdú-Bihar;Kaba
8773;Zala;Kacorlak
3424;Borsod-Abaúj-Zemplén;Kács
7940;Baranya;Kacsóta
7530;Somogy;Kadarkút
9123;Győr-Moson-Sopron;Kajárpéc
2472;Fejér;Kajászó
7051;Tolna;Kajdacs
7122;Tolna;Kakasd
7958;Baranya;Kákics
2366;Pest;Kakucs
3350;Heves;Kál
7194;Tolna;Kalaznó
9673;Vas;Káld
2175;Nógrád;Kálló
8785;Zala;Kallósd
4324;Szabolcs-Szatmár-Bereg;Kállósemjén
7538;Somogy;Kálmáncsa
4434;Szabolcs-Szatmár-Bereg;Kálmánháza
8988;Zala;Kálócfa
6300;Bács-Kiskun;Kalocsa
8124;Fejér;Káloz
9841;Vas;Kám
8469;Veszprém;Kamond
5673;Békés;Kamut
3735;Borsod-Abaúj-Zemplén;Kánó
4335;Szabolcs-Szatmár-Bereg;Kántorjánosi
3821;Borsod-Abaúj-Zemplén;Kány
8667;Somogy;Kánya
8956;Zala;Kányavár
8294;Veszprém;Kapolcs
3355;Heves;Kápolna
2475;Fejér;Kápolnásnyék
8671;Somogy;Kapoly
7523;Somogy;Kaposfő
7473;Somogy;Kaposgyarmat
7261;Somogy;Kaposhomok
7258;Somogy;Kaposkeresztúr
7521;Somogy;Kaposmérő
7251;Tolna;Kapospula
7361;Tolna;Kaposszekcső
7476;Somogy;Kaposszerdahely
7522;Somogy;Kaposújlak
7400;Somogy;Kaposvár
8471;Veszprém;Káptalanfa
8283;Veszprém;Káptalantóti
9330;Győr-Moson-Sopron;Kapuvár
9339;Győr-Moson-Sopron;Kapuvár
7285;Somogy;Kára
3281;Heves;Karácsond
8676;Somogy;Karád
9547;Vas;Karakó
8491;Veszprém;Karakószörcsök
3181;Nógrád;Karancsalja
3137;Nógrád;Karancsberény
3183;Nógrád;Karancskeszi
3182;Nógrád;Karancslapujtő
3163;Nógrád;Karancsság
7333;Baranya;Kárász
5300;Jász-Nagykun-Szolnok;Karcag
3963;Borsod-Abaúj-Zemplén;Karcsa
5552;Békés;Kardos
5945;Békés;Kardoskút
8354;Zala;Karmacs
9182;Győr-Moson-Sopron;Károlyháza
3962;Borsod-Abaúj-Zemplén;Karos
2173;Pest;Kartal
7827;Baranya;Kásád
6211;Bács-Kiskun;Kaskantyú
7977;Somogy;Kastélyosdombó
5948;Békés;Kaszaper
7564;Somogy;Kaszó
7914;Baranya;Katádfa
9915;Vas;Katafa
7661;Baranya;Kátoly
6455;Bács-Kiskun;Katymár
2215;Pest;Káva
8994;Zala;Kávás
3127;Nógrád;Kazár
3147;Nógrád;Kazár
3700;Borsod-Abaúj-Zemplén;Kazincbarcika
3831;Borsod-Abaúj-Zemplén;Kázsmárk
7274;Somogy;Kazsok
6237;Bács-Kiskun;Kecel
2852;Komárom-Esztergom;Kecskéd
6000;Bács-Kiskun;Kecskemét
6008;Bács-Kiskun;Kecskemét
6044;Bács-Kiskun;Kecskemét
8784;Zala;Kehidakustány
4515;Szabolcs-Szatmár-Bereg;Kék
4494;Szabolcs-Szatmár-Bereg;Kékcse
3899;Borsod-Abaúj-Zemplén;Kéked
7661;Baranya;Kékesd
8254;Veszprém;Kékkút
6423;Bács-Kiskun;Kelebia
9549;Vas;Keléd
3728;Borsod-Abaúj-Zemplén;Kelemér
6444;Bács-Kiskun;Kéleshalom
8714;Somogy;Kelevíz
4501;Szabolcs-Szatmár-Bereg;Kemecse
2638;Pest;Kemence
8931;Zala;Kemendollár
8516;Veszprém;Kemeneshőgyész
9553;Vas;Kemeneskápolna
9522;Vas;Kemenesmagasi
9511;Vas;Kemenesmihályfa
9544;Vas;Kemenespálfa
9517;Vas;Kemenessömjén
9521;Vas;Kemenesszentmárton
8518;Veszprém;Kemenesszentpéter
8995;Zala;Keménfa
7843;Baranya;Kémes
9923;Vas;Kemestaródfa
7839;Baranya;Kemse
5331;Jász-Nagykun-Szolnok;Kenderes
5349;Jász-Nagykun-Szolnok;Kenderes
9752;Vas;Kenéz
3955;Borsod-Abaúj-Zemplén;Kenézlő
5083;Jász-Nagykun-Szolnok;Kengyel
9514;Vas;Kenyeri
9945;Vas;Kercaszomor
7256;Somogy;Kercseliget
3396;Heves;Kerecsend
8745;Zala;Kerecseny
6041;Bács-Kiskun;Kerekegyháza
8618;Somogy;Kereki
2882;Komárom-Esztergom;Kerékteleki
2144;Pest;Kerepes
2145;Pest;Kerepes
3821;Borsod-Abaúj-Zemplén;Keresztéte
8971;Zala;Kerkabarabás
8973;Zala;Kerkafalva
8973;Zala;Kerkakutas
9944;Vas;Kerkáskápolna
8874;Zala;Kerkaszentkirály
8879;Zala;Kerkateskánd
4912;Szabolcs-Szatmár-Bereg;Kérsemjén
8492;Veszprém;Kerta
5526;Békés;Kertészsziget
2616;Nógrád;Keszeg
3579;Borsod-Abaúj-Zemplén;Kesznyéten
7062;Tolna;Keszőhidegkút
8360;Zala;Keszthely
2517;Komárom-Esztergom;Kesztölc
7668;Baranya;Keszü
2655;Nógrád;Kétbodony
5741;Békés;Kétegyháza
8713;Somogy;Kéthely
5411;Jász-Nagykun-Szolnok;Kétpó
5674;Békés;Kétsoprony
7975;Baranya;Kétújfalu
9982;Vas;Kétvölgy
7174;Tolna;Kéty
5744;Békés;Kevermes
8774;Zala;Kilimán
9181;Győr-Moson-Sopron;Kimle
8044;Fejér;Kincsesbánya
3657;Borsod-Abaúj-Zemplén;Királd
7953;Baranya;Királyegyháza
6911;Csongrád;Királyhegyes
8195;Veszprém;Királyszentistván
8284;Veszprém;Kisapáti
2428;Fejér;Kisapostag
4921;Szabolcs-Szatmár-Bereg;Kisar
7523;Somogy;Kisasszond
7954;Baranya;Kisasszonyfa
9133;Győr-Moson-Sopron;Kisbabot
3046;Nógrád;Kisbágyon
9062;Győr-Moson-Sopron;Kisbajcs
7542;Somogy;Kisbajom
7282;Somogy;Kisbárapáti
3075;Nógrád;Kisbárkány
2870;Komárom-Esztergom;Kisbér
2879;Komárom-Esztergom;Kisbér
8693;Somogy;Kisberény
8477;Veszprém;Kisberzseny
7391;Baranya;Kisbeszterce
9234;Győr-Moson-Sopron;Kisbodak
8925;Zala;Kisbucsa
7756;Baranya;Kisbudmér
3578;Borsod-Abaúj-Zemplén;Kiscsécs
8888;Zala;Kiscsehi
8494;Veszprém;Kiscsősz
7814;Baranya;Kisdér
7985;Baranya;Kisdobsza
5837;Békés;Kisdombegyház
7159;Tolna;Kisdorog
2655;Nógrád;Kisecset
9341;Győr-Moson-Sopron;Kisfalud
3256;Heves;Kisfüzes
8356;Zala;Kisgörbő
7279;Somogy;Kisgyalán
3556;Borsod-Abaúj-Zemplén;Kisgyőr
7391;Baranya;Kishajmás
7800;Baranya;Kisharsány
3161;Nógrád;Kishartyán
7763;Baranya;Kisherend
4977;Szabolcs-Szatmár-Bereg;Kishódos
3994;Borsod-Abaúj-Zemplén;Kishuta
2948;Komárom-Esztergom;Kisigmánd
7773;Baranya;Kisjakabfalva
7766;Baranya;Kiskassa
3843;Borsod-Abaúj-Zemplén;Kiskinizs
3384;Heves;Kisköre
6200;Bács-Kiskun;Kiskőrös
7524;Somogy;Kiskorpád
6100;Bács-Kiskun;Kiskunfélegyháza
6400;Bács-Kiskun;Kiskunhalas
2340;Pest;Kiskunlacháza
6120;Bács-Kiskun;Kiskunmajsa
8911;Zala;Kiskutas
8156;Fejér;Kisláng
4325;Szabolcs-Szatmár-Bereg;Kisléta
7775;Baranya;Kislippó
8446;Veszprém;Kislőd
7356;Tolna;Kismányok
4126;Hajdú-Bihar;Kismarja
2623;Pest;Kismaros
4737;Szabolcs-Szatmár-Bereg;Kisnamény
3264;Heves;Kisnána
2165;Pest;Kisnémedi
7759;Baranya;Kisnyárád
2024;Pest;Kisoroszi
4956;Szabolcs-Szatmár-Bereg;Kispalád
8912;Zala;Kispáli
8496;Veszprém;Kispirit
9936;Vas;Kisrákos
8756;Zala;Kisrécse
3965;Borsod-Abaúj-Zemplén;Kisrozvágy
3627;Borsod-Abaúj-Zemplén;Kissikátor
9555;Vas;Kissomlyó
6421;Bács-Kiskun;Kisszállás
7082;Tolna;Kisszékely
4963;Szabolcs-Szatmár-Bereg;Kisszekeres
7841;Baranya;Kisszentmárton
8957;Zala;Kissziget
8483;Veszprém;Kisszőlős
7981;Baranya;Kistamási
7823;Baranya;Kistapolca
2143;Pest;Kistarcsa
6760;Csongrád;Kistelek
3553;Borsod-Abaúj-Zemplén;Kistokaj
8868;Zala;Kistolmács
7068;Tolna;Kistormás
7768;Baranya;Kistótfalu
5310;Jász-Nagykun-Szolnok;Kisújszállás
9772;Vas;Kisunyom
4600;Szabolcs-Szatmár-Bereg;Kisvárda
4811;Szabolcs-Szatmár-Bereg;Kisvarsány
8341;Zala;Kisvásárhely
7381;Baranya;Kisvaszar
7183;Tolna;Kisvejke
6775;Csongrád;Kiszombor
9733;Vas;Kiszsidány
6773;Csongrád;Klárafalva
7334;Baranya;Köblény
2898;Komárom-Esztergom;Kocs
2755;Pest;Kocsér
9553;Vas;Köcsk
7212;Tolna;Kocsola
4751;Szabolcs-Szatmár-Bereg;Kocsord
2243;Pest;Kóka
4284;Hajdú-Bihar;Kokad
7668;Baranya;Kökény
7530;Somogy;Kőkút
4965;Szabolcs-Szatmár-Bereg;Kölcse
7052;Tolna;Kölesd
7717;Baranya;Kölked
8468;Veszprém;Kolontár
4138;Hajdú-Bihar;Komádi
2900;Komárom-Esztergom;Komárom
2903;Komárom-Esztergom;Komárom
2921;Komárom-Esztergom;Komárom
3765;Borsod-Abaúj-Zemplén;Komjáti
7300;Baranya;Komló
7305;Baranya;Komló
3372;Heves;Kömlő
2853;Komárom-Esztergom;Kömlőd
4765;Szabolcs-Szatmár-Bereg;Komlódtótfalu
7582;Somogy;Komlósd
3937;Borsod-Abaúj-Zemplén;Komlóska
4622;Szabolcs-Szatmár-Bereg;Komoró
4943;Szabolcs-Szatmár-Bereg;Kömörő
6134;Bács-Kiskun;Kömpöc
3356;Heves;Kompolt
3775;Borsod-Abaúj-Zemplén;Kondó
9943;Vas;Kondorfa
5553;Békés;Kondoros
9144;Győr-Moson-Sopron;Kóny
4133;Hajdú-Bihar;Konyár
9495;Győr-Moson-Sopron;Kópháza
7094;Tolna;Koppányszántó
3886;Borsod-Abaúj-Zemplén;Korlát
9900;Vas;Körmend
9909;Vas;Körmend
2851;Komárom-Esztergom;Környe
3577;Borsod-Abaúj-Zemplén;Köröm
9113;Győr-Moson-Sopron;Koroncó
7841;Baranya;Kórós
8617;Somogy;Kőröshegy
5516;Békés;Körösladány
5539;Békés;Körösnagyharsány
4136;Hajdú-Bihar;Körösszakál
4135;Hajdú-Bihar;Körösszegapáti
5622;Békés;Köröstarcsa
2745;Pest;Kőröstetétlen
5536;Békés;Körösújfalu
2612;Pest;Kosd
2625;Pest;Kóspallag
8152;Fejér;Kőszárhegy
9730;Vas;Kőszeg
9725;Vas;Kőszegdoroszló
9739;Vas;Kőszegpaty
9725;Vas;Kőszegszerdahely
4482;Szabolcs-Szatmár-Bereg;Kótaj
8627;Somogy;Kötcse
5725;Békés;Kötegyán
5062;Jász-Nagykun-Szolnok;Kőtelek
7847;Baranya;Kovácshida
7678;Baranya;Kovácsszénája
3992;Borsod-Abaúj-Zemplén;Kovácsvágás
8254;Veszprém;Kővágóörs
7673;Baranya;Kővágószőlős
7675;Baranya;Kővágótőttős
6912;Csongrád;Kövegy
8274;Veszprém;Köveskál
3053;Nógrád;Kozárd
7761;Baranya;Kozármisleny
8988;Zala;Kozmadombja
3821;Borsod-Abaúj-Zemplén;Krasznokvajda
6755;Csongrád;Kübekháza
2458;Fejér;Kulcs
8978;Zala;Külsősárd
9532;Veszprém;Külsővat
6097;Bács-Kiskun;Kunadacs
5746;Békés;Kunágota
6435;Bács-Kiskun;Kunbaja
6043;Bács-Kiskun;Kunbaracs
5412;Jász-Nagykun-Szolnok;Kuncsorba
6413;Bács-Kiskun;Kunfehértó
8162;Veszprém;Küngös
5340;Jász-Nagykun-Szolnok;Kunhegyes
5321;Jász-Nagykun-Szolnok;Kunmadaras
6096;Bács-Kiskun;Kunpeszér
6115;Bács-Kiskun;Kunszállás
5440;Jász-Nagykun-Szolnok;Kunszentmárton
5449;Jász-Nagykun-Szolnok;Kunszentmárton
6090;Bács-Kiskun;Kunszentmiklós
9184;Győr-Moson-Sopron;Kunsziget
8595;Veszprém;Kup
3813;Borsod-Abaúj-Zemplén;Kupa
7226;Tolna;Kurd
3732;Borsod-Abaúj-Zemplén;Kurityán
8919;Zala;Kustánszeg
7541;Somogy;Kutas
3066;Nógrád;Kutasó
2541;Komárom-Esztergom;Lábatlan
7551;Somogy;Lábod
3967;Borsod-Abaúj-Zemplén;Lácacséke
7535;Somogy;Lad
6045;Bács-Kiskun;Ladánybene
3780;Borsod-Abaúj-Zemplén;Ládbesenyő
8136;Fejér;Lajoskomárom
6050;Bács-Kiskun;Lajosmizse
3786;Borsod-Abaúj-Zemplén;Lak
8913;Zala;Lakhegy
6065;Bács-Kiskun;Lakitelek
7918;Somogy;Lakócsa
7759;Baranya;Lánycsók
7214;Tolna;Lápafő
7775;Baranya;Lapáncsa
4543;Szabolcs-Szatmár-Bereg;Laskod
8887;Zala;Lasztonya
8681;Somogy;Látrány
9089;Győr-Moson-Sopron;Lázi
2016;Pest;Leányfalu
2518;Komárom-Esztergom;Leányvár
9155;Győr-Moson-Sopron;Lébény
2619;Nógrád;Legénd
3904;Borsod-Abaúj-Zemplén;Legyesbénye
3832;Borsod-Abaúj-Zemplén;Léh
3648;Borsod-Abaúj-Zemplén;Lénárddaróc
8978;Zala;Lendvadedes
8977;Zala;Lendvajakabfa
7184;Tolna;Lengyel
8693;Somogy;Lengyeltóti
8960;Zala;Lenti
8966;Zala;Lenti
8132;Fejér;Lepsény
8318;Veszprém;Lesencefalu
8319;Veszprém;Lesenceistvánd
8318;Veszprém;Lesencetomaj
4281;Hajdú-Bihar;Létavértes
4283;Hajdú-Bihar;Létavértes
8868;Zala;Letenye
2632;Pest;Letkés
9221;Győr-Moson-Sopron;Levél
4555;Szabolcs-Szatmár-Bereg;Levelek
8707;Somogy;Libickozma
8981;Zala;Lickóvadamos
7331;Baranya;Liget
8782;Zala;Ligetfalva
9233;Győr-Moson-Sopron;Lipót
7781;Baranya;Lippó
7757;Baranya;Liptód
8888;Zala;Lispeszentadorján
8831;Zala;Liszó
8196;Veszprém;Litér
3866;Borsod-Abaúj-Zemplén;Litka
3186;Nógrád;Litke
9634;Vas;Lócs
5743;Békés;Lőkösháza
8425;Veszprém;Lókút
4836;Szabolcs-Szatmár-Bereg;Lónya
2309;Pest;Lórév
3021;Heves;Lőrinci
3022;Heves;Lőrinci
3024;Heves;Lőrinci
7761;Baranya;Lothárd
8228;Veszprém;Lovas
8093;Fejér;Lovasberény
7720;Baranya;Lovászhetény
8878;Zala;Lovászi
8553;Veszprém;Lovászpatona
9461;Győr-Moson-Sopron;Lövő
4633;Szabolcs-Szatmár-Bereg;Lövőpetri
3129;Nógrád;Lucfalva
3188;Nógrád;Ludányhalászi
3274;Heves;Ludas
9724;Vas;Lukácsháza
8660;Somogy;Lulla
7838;Baranya;Lúzsok
3909;Borsod-Abaúj-Zemplén;Mád
6456;Bács-Kiskun;Madaras
7026;Tolna;Madocsa
9169;Győr-Moson-Sopron;Maglóca
2234;Pest;Maglód
7342;Baranya;Mágocs
4953;Szabolcs-Szatmár-Bereg;Magosliget
4556;Szabolcs-Szatmár-Bereg;Magy
8071;Fejér;Magyaralmás
7463;Somogy;Magyaratád
5667;Békés;Magyarbánhegyes
7775;Baranya;Magyarbóly
6932;Csongrád;Magyarcsanád
5838;Békés;Magyardombegyház
7332;Baranya;Magyaregregy
7441;Somogy;Magyaregres
8973;Zala;Magyarföld
3133;Nógrád;Magyargéc
8517;Veszprém;Magyargencs
7394;Baranya;Magyarhertelend
4137;Hajdú-Bihar;Magyarhomorog
9346;Győr-Moson-Sopron;Magyarkeresztúr
7098;Tolna;Magyarkeszi
9962;Vas;Magyarlak
7925;Baranya;Magyarlukafa
7954;Baranya;Magyarmecske
9909;Vas;Magyarnádalja
2694;Nógrád;Magyarnándor
8449;Veszprém;Magyarpolány
7761;Baranya;Magyarsarlós
9912;Vas;Magyarszecsőd
7396;Baranya;Magyarszék
8776;Zala;Magyarszentmiklós
8776;Zala;Magyarszerdahely
9946;Vas;Magyarszombatfa
7954;Baranya;Magyartelek
2339;Pest;Majosháza
7783;Baranya;Majs
2322;Pest;Makád
3959;Borsod-Abaúj-Zemplén;Makkoshotyka
3397;Heves;Maklár
6900;Csongrád;Makó
6903;Csongrád;Makó
8533;Veszprém;Malomsok
3434;Borsod-Abaúj-Zemplén;Mályi
3645;Borsod-Abaúj-Zemplén;Mályinka
4942;Szabolcs-Szatmár-Bereg;Mánd
4644;Szabolcs-Szatmár-Bereg;Mándok
7304;Baranya;Mánfa
2065;Fejér;Mány
7733;Baranya;Maráza
9534;Veszprém;Marcalgergelyi
8700;Somogy;Marcali
8709;Somogy;Marcali
8714;Somogy;Marcali
8531;Veszprém;Marcaltő
8532;Veszprém;Marcaltő
7817;Baranya;Márfa
2527;Komárom-Esztergom;Máriahalom
9231;Győr-Moson-Sopron;Máriakálnok
7663;Baranya;Máriakéménd
2629;Pest;Márianosztra
4326;Szabolcs-Szatmár-Bereg;Máriapócs
3262;Heves;Markaz
3075;Nógrád;Márkháza
8441;Veszprém;Márkó
7967;Baranya;Markóc
9164;Győr-Moson-Sopron;Markotabödöge
8888;Zala;Maróc
7960;Baranya;Marócsa
7774;Baranya;Márok
8976;Zala;Márokföld
4932;Szabolcs-Szatmár-Bereg;Márokpapi
6921;Csongrád;Maroslele
6636;Csongrád;Mártély
5435;Jász-Nagykun-Szolnok;Martfű
7720;Baranya;Martonfa
2462;Fejér;Martonvásár
3755;Borsod-Abaúj-Zemplén;Martonyi
4700;Szabolcs-Szatmár-Bereg;Mátészalka
6452;Bács-Kiskun;Mátételke
3247;Heves;Mátraballa
3246;Heves;Mátraderecske
3155;Nógrád;Mátramindszent
3143;Nógrád;Mátranovák
3144;Nógrád;Mátranovák
3142;Nógrád;Mátraszele
3234;Heves;Mátraszentimre
3235;Heves;Mátraszentimre
3068;Nógrád;Mátraszőlős
3145;Nógrád;Mátraterenye
3146;Nógrád;Mátraterenye
3077;Nógrád;Mátraverebély
7854;Baranya;Matty
8134;Fejér;Mátyásdomb
4835;Szabolcs-Szatmár-Bereg;Mátyus
7351;Baranya;Máza
7695;Baranya;Mecseknádasd
7300;Baranya;Mecsekpölöske
9176;Győr-Moson-Sopron;Mecsér
5663;Békés;Medgyesbodzás
5664;Békés;Medgyesbodzás
5666;Békés;Medgyesegyháza
5752;Békés;Medgyesegyháza
7057;Tolna;Medina
9757;Vas;Meggyeskovácsi
3718;Borsod-Abaúj-Zemplén;Megyaszó
9754;Vas;Megyehid
8348;Veszprém;Megyer
5726;Békés;Méhkerék
4975;Szabolcs-Szatmár-Bereg;Méhtelek
7344;Baranya;Mekényes
6449;Bács-Kiskun;Mélykút
8271;Veszprém;Mencshely
2235;Pest;Mende
3871;Borsod-Abaúj-Zemplén;Méra
7981;Baranya;Merenye
9136;Győr-Moson-Sopron;Mérges
4352;Szabolcs-Szatmár-Bereg;Mérk
7453;Somogy;Mernye
9531;Vas;Mersevát
9662;Vas;Mesterháza
9551;Vas;Mesteri
5452;Jász-Nagykun-Szolnok;Mesterszállás
3754;Borsod-Abaúj-Zemplén;Meszes
9745;Vas;Meszlen
8716;Somogy;Mesztegnyő
5650;Békés;Mezőberény
3450;Borsod-Abaúj-Zemplén;Mezőcsát
7434;Somogy;Mezőcsokonya
7370;Baranya;Meződ
2422;Fejér;Mezőfalva
5732;Békés;Mezőgyán
5820;Békés;Mezőhegyes
5453;Jász-Nagykun-Szolnok;Mezőhék
3441;Borsod-Abaúj-Zemplén;Mezőkeresztes
8137;Fejér;Mezőkomárom
5800;Békés;Mezőkovácsháza
3400;Borsod-Abaúj-Zemplén;Mezőkövesd
4641;Szabolcs-Szatmár-Bereg;Mezőladány
8514;Veszprém;Mezőlak
3443;Borsod-Abaúj-Zemplén;Mezőnagymihály
3421;Borsod-Abaúj-Zemplén;Mezőnyárád
9097;Győr-Moson-Sopron;Mezőörs
9098;Győr-Moson-Sopron;Mezőörs
4118;Hajdú-Bihar;Mezőpeterd
4134;Hajdú-Bihar;Mezősas
3378;Heves;Mezőszemere
8133;Fejér;Mezőszentgyörgy
7017;Fejér;Mezőszilas
3375;Heves;Mezőtárkány
5400;Jász-Nagykun-Szolnok;Mezőtúr
3931;Borsod-Abaúj-Zemplén;Mezőzombor
8825;Zala;Miháld
8341;Zala;Mihályfa
3184;Nógrád;Mihálygerge
8513;Veszprém;Mihályháza
9342;Győr-Moson-Sopron;Mihályi
7512;Somogy;Mike
2736;Pest;Mikebuda
8949;Zala;Mikekarácsonyfa
4271;Hajdú-Bihar;Mikepércs
7286;Somogy;Miklósi
3344;Heves;Mikófalva
3989;Borsod-Abaúj-Zemplén;Mikóháza
9835;Vas;Mikosszéplak
8917;Zala;Milejszeg
4948;Szabolcs-Szatmár-Bereg;Milota
6630;Csongrád;Mindszent
7391;Baranya;Mindszentgodisa
8282;Veszprém;Mindszentkálla
8935;Zala;Misefa
6343;Bács-Kiskun;Miske
3500;Borsod-Abaúj-Zemplén;Miskolc
3501;Borsod-Abaúj-Zemplén;Miskolc
3508;Borsod-Abaúj-Zemplén;Miskolc
3510;Borsod-Abaúj-Zemplén;Miskolc
3515;Borsod-Abaúj-Zemplén;Miskolc
3516;Borsod-Abaúj-Zemplén;Miskolc
3517;Borsod-Abaúj-Zemplén;Miskolc
3518;Borsod-Abaúj-Zemplén;Miskolc
3519;Borsod-Abaúj-Zemplén;Miskolc
3521;Borsod-Abaúj-Zemplén;Miskolc
3524;Borsod-Abaúj-Zemplén;Miskolc
3525;Borsod-Abaúj-Zemplén;Miskolc
3526;Borsod-Abaúj-Zemplén;Miskolc
3527;Borsod-Abaúj-Zemplén;Miskolc
3528;Borsod-Abaúj-Zemplén;Miskolc
3529;Borsod-Abaúj-Zemplén;Miskolc
3530;Borsod-Abaúj-Zemplén;Miskolc
3531;Borsod-Abaúj-Zemplén;Miskolc
3532;Borsod-Abaúj-Zemplén;Miskolc
3533;Borsod-Abaúj-Zemplén;Miskolc
3534;Borsod-Abaúj-Zemplén;Miskolc
3535;Borsod-Abaúj-Zemplén;Miskolc
7065;Tolna;Miszla
2911;Komárom-Esztergom;Mocsa
7163;Tolna;Mőcsény
2146;Pest;Mogyoród
2535;Komárom-Esztergom;Mogyorósbánya
3893;Borsod-Abaúj-Zemplén;Mogyoróska
8042;Fejér;Moha
7700;Baranya;Mohács
7714;Baranya;Mohács
7715;Baranya;Mohács
2698;Nógrád;Mohora
8863;Zala;Molnári
9912;Vas;Molnaszecsőd
7981;Baranya;Molvány
3812;Borsod-Abaúj-Zemplén;Monaj
3905;Borsod-Abaúj-Zemplén;Monok
2200;Pest;Monor
2213;Pest;Monor
3345;Heves;Mónosbél
8296;Veszprém;Monostorapáti
4275;Hajdú-Bihar;Monostorpályi
8273;Veszprém;Monoszló
7751;Baranya;Monyoród
8060;Fejér;Mór
7165;Tolna;Mórágy
6782;Csongrád;Mórahalom
6132;Bács-Kiskun;Móricgát
9131;Győr-Moson-Sopron;Mórichida
7257;Somogy;Mosdós
9200;Győr-Moson-Sopron;Mosonmagyaróvár
9154;Győr-Moson-Sopron;Mosonszentmiklós
9183;Győr-Moson-Sopron;Mosonszentmiklós
9245;Győr-Moson-Sopron;Mosonszolnok
7932;Baranya;Mozsgó
7185;Tolna;Mucsfa
7195;Tolna;Mucsi
3744;Borsod-Abaúj-Zemplén;Múcsony
3552;Borsod-Abaúj-Zemplén;Muhi
8834;Zala;Murakeresztúr
8868;Zala;Murarátka
8872;Zala;Muraszemenye
7176;Tolna;Murga
5672;Békés;Murony
4911;Szabolcs-Szatmár-Bereg;Nábrád
8097;Fejér;Nadap
9915;Vas;Nádasd
8145;Fejér;Nádasdladány
4181;Hajdú-Bihar;Nádudvar
8674;Somogy;Nágocs
8521;Veszprém;Nagyacsád
8484;Veszprém;Nagyalásony
4922;Szabolcs-Szatmár-Bereg;Nagyar
7500;Somogy;Nagyatád
9063;Győr-Moson-Sopron;Nagybajcs
7561;Somogy;Nagybajom
8821;Zala;Nagybakónak
5668;Békés;Nagybánhegyes
6527;Bács-Kiskun;Nagybaracska
3641;Borsod-Abaúj-Zemplén;Nagybarca
3075;Nógrád;Nagybárkány
8656;Somogy;Nagyberény
7255;Somogy;Nagyberki
2634;Pest;Nagybörzsöny
7756;Baranya;Nagybudmér
9485;Győr-Moson-Sopron;Nagycenk
7838;Baranya;Nagycsány
3598;Borsod-Abaúj-Zemplén;Nagycsécs
8628;Somogy;Nagycsepely
4445;Szabolcs-Szatmár-Bereg;Nagycserkesz
8554;Veszprém;Nagydém
4823;Szabolcs-Szatmár-Bereg;Nagydobos
7985;Baranya;Nagydobsza
7044;Tolna;Nagydorog
4355;Szabolcs-Szatmár-Bereg;Nagyecsed
6917;Csongrád;Nagyér
8415;Veszprém;Nagyesztergár
3282;Heves;Nagyfüged
9664;Vas;Nagygeresd
8356;Zala;Nagygörbő
8551;Veszprém;Nagygyimót
7343;Baranya;Nagyhajmás
4485;Szabolcs-Szatmár-Bereg;Nagyhalász
7822;Baranya;Nagyharsány
4064;Hajdú-Bihar;Nagyhegyes
4977;Szabolcs-Szatmár-Bereg;Nagyhódos
3994;Borsod-Abaúj-Zemplén;Nagyhuta
2942;Komárom-Esztergom;Nagyigmánd
5363;Jász-Nagykun-Szolnok;Nagyiván
4320;Szabolcs-Szatmár-Bereg;Nagykálló
5751;Békés;Nagykamarás
8800;Zala;Nagykanizsa
8808;Zala;Nagykanizsa
8809;Zala;Nagykanizsa
8831;Zala;Nagykanizsa
8935;Zala;Nagykapornak
2425;Fejér;Nagykarácsony
2760;Pest;Nagykáta
4127;Hajdú-Bihar;Nagykereki
3129;Nógrád;Nagykeresztúr
3844;Borsod-Abaúj-Zemplén;Nagykinizs
3012;Heves;Nagykökényes
9784;Vas;Nagykölked
7092;Tolna;Nagykónyi
2750;Pest;Nagykőrös
7545;Somogy;Nagykorpád
5065;Jász-Nagykun-Szolnok;Nagykörű
2094;Pest;Nagykovácsi
7741;Baranya;Nagykozár
8911;Zala;Nagykutas
6933;Csongrád;Nagylak
8983;Zala;Nagylengyel
3175;Nógrád;Nagylóc
2435;Fejér;Nagylók
9482;Győr-Moson-Sopron;Nagylózs
6622;Csongrád;Nagymágocs
7355;Tolna;Nagymányok
2626;Pest;Nagymaros
9913;Vas;Nagymizdó
7784;Baranya;Nagynyárád
2645;Nógrád;Nagyoroszi
8912;Zala;Nagypáli
7731;Baranya;Nagypall
7912;Baranya;Nagypeterd
8496;Veszprém;Nagypirit
4173;Hajdú-Bihar;Nagyrábé
8746;Zala;Nagyrada
9938;Vas;Nagyrákos
8756;Zala;Nagyrécse
3214;Heves;Nagyréde
5463;Jász-Nagykun-Szolnok;Nagyrév
3965;Borsod-Abaúj-Zemplén;Nagyrozvágy
2524;Komárom-Esztergom;Nagysáp
9561;Vas;Nagysimonyi
8739;Somogy;Nagyszakácsi
7085;Tolna;Nagyszékely
4962;Szabolcs-Szatmár-Bereg;Nagyszekeres
5931;Békés;Nagyszénás
9072;Győr-Moson-Sopron;Nagyszentjános
7097;Tolna;Nagyszokoly
3398;Heves;Nagytálya
2142;Pest;Nagytarcsa
8562;Veszprém;Nagytevel
9832;Vas;Nagytilaj
6612;Csongrád;Nagytőke
7800;Baranya;Nagytótfalu
3357;Heves;Nagyút
4812;Szabolcs-Szatmár-Bereg;Nagyvarsány
7912;Baranya;Nagyváty
8291;Veszprém;Nagyvázsony
7186;Tolna;Nagyvejke
8065;Fejér;Nagyveleg
2421;Fejér;Nagyvenyim
3349;Heves;Nagyvisnyó
7215;Tolna;Nak
4552;Szabolcs-Szatmár-Bereg;Napkor
9797;Vas;Nárai
9793;Vas;Narda
2899;Komárom-Esztergom;Naszály
3463;Borsod-Abaúj-Zemplén;Négyes
3646;Borsod-Abaúj-Zemplén;Nekézseny
8923;Zala;Nemesapáti
3592;Borsod-Abaúj-Zemplén;Nemesbikk
9749;Vas;Nemesbőd
4942;Szabolcs-Szatmár-Bereg;Nemesborzova
8371;Zala;Nemesbük
9739;Vas;Nemescsó
8722;Somogy;Nemesdéd
8522;Veszprém;Nemesgörzsöny
8284;Veszprém;Nemesgulács
8471;Veszprém;Nemeshany
8925;Zala;Nemeshetés
7981;Baranya;Nemeske
9471;Győr-Moson-Sopron;Nemeskér
9548;Vas;Nemeskeresztúr
8717;Somogy;Nemeskisfalud
9542;Vas;Nemeskocs
9775;Vas;Nemeskolta
9663;Vas;Nemesládony
9953;Vas;Nemesmedves
6345;Bács-Kiskun;Nemesnádudvar
8976;Zala;Nemesnép
8856;Zala;Nemespátró
8915;Zala;Nemesrádó
9782;Vas;Nemesrempehollós
8925;Zala;Nemessándorháza
9533;Veszprém;Nemesszalók
8925;Zala;Nemesszentandrás
8248;Veszprém;Nemesvámos
8738;Somogy;Nemesvid
8311;Veszprém;Nemesvita
8581;Veszprém;Németbánya
8918;Zala;Németfalu
7039;Tolna;Németkér
3152;Nógrád;Nemti
2544;Komárom-Esztergom;Neszmély
2618;Nógrád;Nézsa
9652;Vas;Nick
8706;Somogy;Nikla
2642;Nógrád;Nógrád
2691;Nógrád;Nógrádkövesd
2675;Nógrád;Nógrádmarcal
3132;Nógrád;Nógrádmegyer
2685;Nógrád;Nógrádsáp
3179;Nógrád;Nógrádsipek
3187;Nógrád;Nógrádszakál
8591;Veszprém;Nóráp
8456;Veszprém;Noszlop
3325;Heves;Noszvaj
2610;Nógrád;Nőtincs
8948;Zala;Nova
3327;Heves;Novaj
3872;Borsod-Abaúj-Zemplén;Novajidrány
9096;Győr-Moson-Sopron;Nyalka
8512;Veszprém;Nyárád
2723;Pest;Nyáregyháza
6032;Bács-Kiskun;Nyárlőrinc
2712;Pest;Nyársapát
3433;Borsod-Abaúj-Zemplén;Nyékládháza
2536;Komárom-Esztergom;Nyergesújfalu
2537;Komárom-Esztergom;Nyergesújfalu
3809;Borsod-Abaúj-Zemplén;Nyésta
8612;Somogy;Nyim
4264;Hajdú-Bihar;Nyírábrány
4262;Hajdú-Bihar;Nyíracsád
8454;Veszprém;Nyirád
4252;Hajdú-Bihar;Nyíradony
4253;Hajdú-Bihar;Nyíradony
4254;Hajdú-Bihar;Nyíradony
4300;Szabolcs-Szatmár-Bereg;Nyírbátor
4372;Szabolcs-Szatmár-Bereg;Nyírbéltek
4361;Szabolcs-Szatmár-Bereg;Nyírbogát
4511;Szabolcs-Szatmár-Bereg;Nyírbogdány
4356;Szabolcs-Szatmár-Bereg;Nyírcsaholy
4331;Szabolcs-Szatmár-Bereg;Nyírcsászári
4332;Szabolcs-Szatmár-Bereg;Nyírderzs
4246;Szabolcs-Szatmár-Bereg;Nyíregyháza
4400;Szabolcs-Szatmár-Bereg;Nyíregyháza
4405;Szabolcs-Szatmár-Bereg;Nyíregyháza
4412;Szabolcs-Szatmár-Bereg;Nyíregyháza
4431;Szabolcs-Szatmár-Bereg;Nyíregyháza
4432;Szabolcs-Szatmár-Bereg;Nyíregyháza
4433;Szabolcs-Szatmár-Bereg;Nyíregyháza
4481;Szabolcs-Szatmár-Bereg;Nyíregyháza
4551;Szabolcs-Szatmár-Bereg;Nyíregyháza
4362;Szabolcs-Szatmár-Bereg;Nyírgelse
4311;Szabolcs-Szatmár-Bereg;Nyírgyulaj
3997;Borsod-Abaúj-Zemplén;Nyíri
4535;Szabolcs-Szatmár-Bereg;Nyíribrony
4541;Szabolcs-Szatmár-Bereg;Nyírjákó
4544;Szabolcs-Szatmár-Bereg;Nyírkarász
4333;Szabolcs-Szatmár-Bereg;Nyírkáta
4537;Szabolcs-Szatmár-Bereg;Nyírkércs
4632;Szabolcs-Szatmár-Bereg;Nyírlövő
4371;Szabolcs-Szatmár-Bereg;Nyírlugos
4564;Szabolcs-Szatmár-Bereg;Nyírmada
4263;Hajdú-Bihar;Nyírmártonfalva
4722;Szabolcs-Szatmár-Bereg;Nyírmeggyes
4363;Szabolcs-Szatmár-Bereg;Nyírmihálydi
4822;Szabolcs-Szatmár-Bereg;Nyírparasznya
4531;Szabolcs-Szatmár-Bereg;Nyírpazony
4376;Szabolcs-Szatmár-Bereg;Nyírpilis
4522;Szabolcs-Szatmár-Bereg;Nyírtass
4461;Szabolcs-Szatmár-Bereg;Nyírtelek
4554;Szabolcs-Szatmár-Bereg;Nyírtét
4532;Szabolcs-Szatmár-Bereg;Nyírtura
4341;Szabolcs-Szatmár-Bereg;Nyírvasvári
9682;Vas;Nyőgér
3795;Borsod-Abaúj-Zemplén;Nyomár
7912;Baranya;Nyugotszenterzsébet
9082;Győr-Moson-Sopron;Nyúl
7695;Baranya;Óbánya
2063;Fejér;Óbarok
8272;Veszprém;Óbudavár
8292;Veszprém;Öcs
2364;Pest;Ócsa
7814;Baranya;Ócsárd
7143;Tolna;Őcsény
5451;Jász-Nagykun-Szolnok;Öcsöd
7695;Baranya;Ófalu
4558;Szabolcs-Szatmár-Bereg;Ófehértó
6923;Csongrád;Óföldeák
8342;Zala;Óhid
5534;Békés;Okány
7957;Baranya;Okorág
4755;Szabolcs-Szatmár-Bereg;Ököritófülpös
7681;Baranya;Okorvölgy
7745;Baranya;Olasz
9824;Vas;Olaszfa
8414;Veszprém;Olaszfalu
3933;Borsod-Abaúj-Zemplén;Olaszliszka
9621;Vas;Ölbő
4826;Szabolcs-Szatmár-Bereg;Olcsva
4914;Szabolcs-Szatmár-Bereg;Olcsvaapáti
7824;Baranya;Old
9733;Vas;Ólmod
8886;Zala;Oltárc
4373;Szabolcs-Szatmár-Bereg;Ömböly
3562;Borsod-Abaúj-Zemplén;Onga
3551;Borsod-Abaúj-Zemplén;Ónod
4821;Szabolcs-Szatmár-Bereg;Ópályi
6767;Csongrád;Ópusztaszer
4336;Szabolcs-Szatmár-Bereg;Őr
8935;Zala;Orbányosfa
2162;Pest;Őrbottyán
7400;Somogy;Orci
8635;Somogy;Ordacsehi
6335;Bács-Kiskun;Ordas
6311;Bács-Kiskun;Öregcsertő
8697;Somogy;Öreglak
9982;Vas;Orfalu
7677;Baranya;Orfű
6077;Bács-Kiskun;Orgovány
2671;Nógrád;Őrhalom
9933;Vas;Őrimagyarósd
9941;Vas;Őriszentpéter
2377;Pest;Örkény
8983;Zala;Ormándlak
5222;Jász-Nagykun-Szolnok;Örményes
5556;Békés;Örménykút
3743;Borsod-Abaúj-Zemplén;Ormosbánya
5900;Békés;Orosháza
5903;Békés;Orosháza
5904;Békés;Orosháza
5905;Békés;Orosháza
8458;Veszprém;Oroszi
2840;Komárom-Esztergom;Oroszlány
7370;Baranya;Oroszló
8744;Zala;Orosztony
8954;Zala;Ortaháza
8854;Somogy;Őrtilos
8242;Veszprém;Örvényes
2610;Nógrád;Ősagárd
8161;Veszprém;Ősi
8191;Veszprém;Öskü
9354;Győr-Moson-Sopron;Osli
9512;Vas;Ostffyasszonyfa
3326;Heves;Ostoros
9825;Vas;Oszkó
3591;Borsod-Abaúj-Zemplén;Oszlár
7444;Somogy;Osztopán
9153;Győr-Moson-Sopron;Öttevény
6784;Csongrád;Öttömös
7511;Somogy;Ötvöskónyi
3600;Borsod-Abaúj-Zemplén;Ózd
3603;Borsod-Abaúj-Zemplén;Ózd
3604;Borsod-Abaúj-Zemplén;Ózd
3621;Borsod-Abaúj-Zemplén;Ózd
3625;Borsod-Abaúj-Zemplén;Ózd
3651;Borsod-Abaúj-Zemplén;Ózd
3661;Borsod-Abaúj-Zemplén;Ózd
3662;Borsod-Abaúj-Zemplén;Ózd
7836;Baranya;Ózdfalu
8998;Zala;Ozmánbük
7086;Tolna;Ozora
3964;Borsod-Abaúj-Zemplén;Pácin
8761;Zala;Pacsa
9823;Vas;Pácsony
8935;Zala;Padár
6075;Bács-Kiskun;Páhi
8956;Zala;Páka
8799;Zala;Pakod
8095;Fejér;Pákozd
7027;Tolna;Paks
7030;Tolna;Paks
7370;Baranya;Palé
7042;Tolna;Pálfa
8990;Zala;Pálfiszeg
3994;Borsod-Abaúj-Zemplén;Pálháza
9345;Győr-Moson-Sopron;Páli
7771;Baranya;Palkonya
7561;Somogy;Pálmajor
6112;Bács-Kiskun;Pálmonostora
7727;Baranya;Palotabozsok
3042;Nógrád;Palotás
8229;Veszprém;Paloznak
3821;Borsod-Abaúj-Zemplén;Pamlény
8698;Somogy;Pamuk
2214;Pest;Pánd
9937;Vas;Pankasz
9090;Győr-Moson-Sopron;Pannonhalma
3898;Borsod-Abaúj-Zemplén;Pányok
4913;Szabolcs-Szatmár-Bereg;Panyola
4631;Szabolcs-Szatmár-Bereg;Pap
8500;Veszprém;Pápa
8511;Veszprém;Pápa
8591;Veszprém;Pápa
8598;Veszprém;Pápa
8593;Veszprém;Pápadereske
8596;Veszprém;Pápakovácsi
8594;Veszprém;Pápasalamon
8556;Veszprém;Pápateszér
8183;Veszprém;Papkeszi
9515;Vas;Pápoc
4338;Szabolcs-Szatmár-Bereg;Papos
7838;Baranya;Páprád
3240;Heves;Parád
3244;Heves;Parád
3242;Heves;Parádsasvár
3777;Borsod-Abaúj-Zemplén;Parasznya
4475;Szabolcs-Szatmár-Bereg;Paszab
3060;Nógrád;Pásztó
3065;Nógrád;Pásztó
3082;Nógrád;Pásztó
9311;Győr-Moson-Sopron;Pásztori
8825;Zala;Pat
2648;Nógrád;Patak
7463;Somogy;Patalom
7923;Baranya;Patapoklosi
7477;Somogy;Patca
8092;Fejér;Pátka
7536;Somogy;Patosfa
4523;Szabolcs-Szatmár-Bereg;Pátroha
2668;Nógrád;Patvarc
2071;Pest;Páty
4766;Szabolcs-Szatmár-Bereg;Pátyod
2476;Fejér;Pázmánd
9085;Győr-Moson-Sopron;Pázmándfalu
2119;Pest;Pécel
9754;Vas;Pecöl
7600;Baranya;Pécs
7621;Baranya;Pécs
7622;Baranya;Pécs
7623;Baranya;Pécs
7624;Baranya;Pécs
7625;Baranya;Pécs
7626;Baranya;Pécs
7627;Baranya;Pécs
7628;Baranya;Pécs
7629;Baranya;Pécs
7630;Baranya;Pécs
7631;Baranya;Pécs
7632;Baranya;Pécs
7633;Baranya;Pécs
7634;Baranya;Pécs
7635;Baranya;Pécs
7636;Baranya;Pécs
7691;Baranya;Pécs
7693;Baranya;Pécs
7951;Baranya;Pécsbagota
7766;Baranya;Pécsdevecser
8245;Veszprém;Pécsely
7762;Baranya;Pécsudvard
7720;Baranya;Pécsvárad
7831;Baranya;Pellérd
3381;Heves;Pély
2614;Pest;Penc
4267;Szabolcs-Szatmár-Bereg;Penészlek
4941;Szabolcs-Szatmár-Bereg;Penyige
8426;Veszprém;Pénzesgyőr
9099;Győr-Moson-Sopron;Pér
2074;Pest;Perbál
3853;Borsod-Abaúj-Zemplén;Pere
3821;Borsod-Abaúj-Zemplén;Perecse
7664;Baranya;Pereked
9722;Vas;Perenye
9734;Vas;Peresznye
9484;Győr-Moson-Sopron;Pereszteg
2431;Fejér;Perkáta
3756;Borsod-Abaúj-Zemplén;Perkupa
2637;Pest;Perőcsény
7766;Baranya;Peterd
7582;Somogy;Péterhida
2209;Pest;Péteri
3250;Heves;Pétervására
8105;Veszprém;Pétfürdő
8921;Zala;Pethőhenye
4542;Szabolcs-Szatmár-Bereg;Petneháza
3023;Heves;Petőfibánya
6113;Bács-Kiskun;Petőfiszállás
9443;Győr-Moson-Sopron;Petőháza
9826;Vas;Petőmihályfa
8984;Zala;Petrikeresztúr
8866;Zala;Petrivente
7980;Baranya;Pettend
3134;Nógrád;Piliny
2721;Pest;Pilis
2097;Pest;Pilisborosjenő
2081;Pest;Piliscsaba
2087;Pest;Piliscsaba
2519;Komárom-Esztergom;Piliscsév
2080;Pest;Pilisjászfalu
2028;Komárom-Esztergom;Pilismarót
2095;Pest;Pilisszántó
2084;Pest;Pilisszentiván
2098;Pest;Pilisszentkereszt
2099;Pest;Pilisszentkereszt
2009;Pest;Pilisszentlászló
2085;Pest;Pilisvörösvár
7084;Tolna;Pincehely
9922;Vas;Pinkamindszent
9481;Győr-Moson-Sopron;Pinnye
4375;Szabolcs-Szatmár-Bereg;Piricse
6414;Bács-Kiskun;Pirtó
7838;Baranya;Piskó
6914;Csongrád;Pitvaros
7756;Baranya;Pócsa
4125;Hajdú-Bihar;Pocsaj
2017;Pest;Pócsmegyer
4327;Szabolcs-Szatmár-Bereg;Pócspetri
7666;Baranya;Pogány
8728;Somogy;Pogányszentpéter
8932;Zala;Pókaszepetk
7458;Somogy;Polány
4090;Hajdú-Bihar;Polgár
8153;Fejér;Polgárdi
8154;Fejér;Polgárdi
8155;Fejér;Polgárdi
8929;Zala;Pölöske
8773;Zala;Pölöskefő
2013;Pest;Pomáz
7142;Tolna;Pörböly
4761;Szabolcs-Szatmár-Bereg;Porcsalma
8956;Zala;Pördefölde
9796;Vas;Pornóapáti
3388;Heves;Poroszló
9612;Vas;Porpác
8858;Somogy;Porrog
8858;Somogy;Porrogszentkirály
8858;Somogy;Porrogszentpál
8986;Zala;Pórszombat
8429;Veszprém;Porva
9636;Vas;Pósfa
7977;Somogy;Potony
8767;Zala;Pötréte
9324;Győr-Moson-Sopron;Potyond
3925;Borsod-Abaúj-Zemplén;Prügy
8291;Veszprém;Pula
9235;Győr-Moson-Sopron;Püski
2682;Pest;Püspökhatvan
4150;Hajdú-Bihar;Püspökladány
9776;Vas;Püspökmolnári
2166;Pest;Püspökszilágy
8986;Zala;Pusztaapáti
2658;Nógrád;Pusztaberki
9373;Győr-Moson-Sopron;Pusztacsalád
9739;Vas;Pusztacsó
4565;Szabolcs-Szatmár-Bereg;Pusztadobos
8946;Zala;Pusztaederics
3995;Borsod-Abaúj-Zemplén;Pusztafalu
5919;Békés;Pusztaföldvár
7038;Tolna;Pusztahencse
8707;Somogy;Pusztakovácsi
8895;Zala;Pusztamagyaród
6785;Csongrád;Pusztamérges
8455;Veszprém;Pusztamiske
5125;Jász-Nagykun-Szolnok;Pusztamonostor
5665;Békés;Pusztaottlaka
3874;Borsod-Abaúj-Zemplén;Pusztaradvány
2490;Fejér;Pusztaszabolcs
8619;Somogy;Pusztaszemes
8896;Zala;Pusztaszentlászló
6769;Csongrád;Pusztaszer
2378;Pest;Pusztavacs
8066;Fejér;Pusztavám
2039;Pest;Pusztazámor
3630;Borsod-Abaúj-Zemplén;Putnok
9313;Győr-Moson-Sopron;Rábacsanak
9136;Győr-Moson-Sopron;Rábacsécsény
9961;Vas;Rábagyarmat
9777;Vas;Rábahidvég
9344;Győr-Moson-Sopron;Rábakecöl
9142;Győr-Moson-Sopron;Rábapatona
9641;Vas;Rábapaty
9146;Győr-Moson-Sopron;Rábapordány
9327;Győr-Moson-Sopron;Rábasebes
9316;Győr-Moson-Sopron;Rábaszentandrás
9135;Győr-Moson-Sopron;Rábaszentmihály
9133;Győr-Moson-Sopron;Rábaszentmiklós
9322;Győr-Moson-Sopron;Rábatamási
9766;Vas;Rábatöttös
9165;Győr-Moson-Sopron;Rábcakapi
2459;Fejér;Rácalmás
2465;Fejér;Ráckeresztúr
2300;Pest;Ráckeve
2613;Pest;Rád
7817;Baranya;Rádfalva
9784;Vas;Rádóckölked
3776;Borsod-Abaúj-Zemplén;Radostyán
3724;Borsod-Abaúj-Zemplén;Ragály
9224;Győr-Moson-Sopron;Rajka
3825;Borsod-Abaúj-Zemplén;Rakaca
3826;Borsod-Abaúj-Zemplén;Rakacaszend
4465;Szabolcs-Szatmár-Bereg;Rakamaz
3151;Nógrád;Rákóczibánya
5085;Jász-Nagykun-Szolnok;Rákóczifalva
5084;Jász-Nagykun-Szolnok;Rákócziújfalu
7464;Somogy;Ráksi
8973;Zala;Ramocsa
4536;Szabolcs-Szatmár-Bereg;Ramocsaháza
4756;Szabolcs-Szatmár-Bereg;Rápolt
8300;Veszprém;Raposka
3833;Borsod-Abaúj-Zemplén;Rásonysápberencs
3908;Borsod-Abaúj-Zemplén;Rátka
9951;Vas;Rátót
9091;Győr-Moson-Sopron;Ravazd
3245;Heves;Recsk
2886;Komárom-Esztergom;Réde
8978;Zala;Rédics
3893;Borsod-Abaúj-Zemplén;Regéc
7833;Baranya;Regenye
7193;Tolna;Regöly
6446;Bács-Kiskun;Rém
2090;Pest;Remeteszőlős
3559;Borsod-Abaúj-Zemplén;Répáshuta
9653;Vas;Répcelak
9375;Győr-Moson-Sopron;Répceszemere
9623;Vas;Répceszentgyörgy
9475;Győr-Moson-Sopron;Répcevis
8977;Zala;Resznek
9074;Győr-Moson-Sopron;Rétalap
4525;Szabolcs-Szatmár-Bereg;Rétközberencs
2651;Nógrád;Rétság
8253;Veszprém;Révfülöp
3976;Borsod-Abaúj-Zemplén;Révleányvár
8373;Zala;Rezi
3974;Borsod-Abaúj-Zemplén;Ricse
8348;Veszprém;Rigács
8883;Zala;Rigyác
3177;Nógrád;Rimóc
7552;Somogy;Rinyabesenyő
7527;Somogy;Rinyakovácsi
7513;Somogy;Rinyaszentkirály
7556;Somogy;Rinyaújlak
7584;Somogy;Rinyaújnép
4563;Szabolcs-Szatmár-Bereg;Rohod
9451;Győr-Moson-Sopron;Röjtökmuzsaj
8434;Győr-Moson-Sopron;Románd
2654;Nógrád;Romhány
7743;Baranya;Romonya
9954;Vas;Rönök
6758;Csongrád;Röszke
7914;Baranya;Rózsafa
4971;Szabolcs-Szatmár-Bereg;Rozsály
3033;Heves;Rózsaszentmárton
3733;Borsod-Abaúj-Zemplén;Rudabánya
3742;Borsod-Abaúj-Zemplén;Rudolftelep
9766;Vas;Rum
6786;Csongrád;Ruzsa
3162;Nógrád;Ságújfalu
8654;Somogy;Ságvár
3792;Borsod-Abaúj-Zemplén;Sajóbábony
3793;Borsod-Abaúj-Zemplén;Sajóecseg
3636;Borsod-Abaúj-Zemplén;Sajógalgóc
3576;Borsod-Abaúj-Zemplén;Sajóhidvég
3720;Borsod-Abaúj-Zemplén;Sajóivánka
3773;Borsod-Abaúj-Zemplén;Sajókápolna
3720;Borsod-Abaúj-Zemplén;Sajókaza
3791;Borsod-Abaúj-Zemplén;Sajókeresztúr
3572;Borsod-Abaúj-Zemplén;Sajólád
3773;Borsod-Abaúj-Zemplén;Sajólászlófalva
3656;Borsod-Abaúj-Zemplén;Sajómercse
3652;Borsod-Abaúj-Zemplén;Sajónémeti
3586;Borsod-Abaúj-Zemplén;Sajóörös
3714;Borsod-Abaúj-Zemplén;Sajópálfala
3573;Borsod-Abaúj-Zemplén;Sajópetri
3653;Borsod-Abaúj-Zemplén;Sajópüspöki
3712;Borsod-Abaúj-Zemplén;Sajósenye
3770;Borsod-Abaúj-Zemplén;Sajószentpéter
3599;Borsod-Abaúj-Zemplén;Sajószöged
3712;Borsod-Abaúj-Zemplén;Sajóvámos
3656;Borsod-Abaúj-Zemplén;Sajóvelezd
9632;Vas;Sajtoskál
8256;Veszprém;Salföld
3100;Nógrád;Salgótarján
3102;Nógrád;Salgótarján
3104;Nógrád;Salgótarján
3109;Nógrád;Salgótarján
3121;Nógrád;Salgótarján
3141;Nógrád;Salgótarján
9742;Vas;Salköveskút
8995;Zala;Salomvár
3425;Borsod-Abaúj-Zemplén;Sály
7841;Baranya;Sámod
3074;Nógrád;Sámsonháza
8824;Zala;Sand
6762;Csongrád;Sándorfalva
7479;Somogy;Sántos
4176;Hajdú-Bihar;Sáp
4272;Hajdú-Bihar;Sáránd
3942;Borsod-Abaúj-Zemplén;Sárazsadány
7000;Fejér;Sárbogárd
7003;Fejér;Sárbogárd
7018;Fejér;Sárbogárd
7019;Fejér;Sárbogárd
7014;Fejér;Sáregres
9813;Vas;Sárfimizdó
8944;Zala;Sárhida
2523;Komárom-Esztergom;Sárisáp
5720;Békés;Sarkad
5731;Békés;Sarkadkeresztúr
8051;Fejér;Sárkeresztes
8125;Fejér;Sárkeresztúr
8144;Fejér;Sárkeszi
8391;Zala;Sármellék
7781;Baranya;Sárok
2433;Fejér;Sárosd
3950;Borsod-Abaúj-Zemplén;Sárospatak
3952;Borsod-Abaúj-Zemplén;Sárospatak
7145;Tolna;Sárpilis
4171;Hajdú-Bihar;Sárrétudvari
9434;Győr-Moson-Sopron;Sarród
9435;Győr-Moson-Sopron;Sarród
8126;Fejér;Sárszentágota
7047;Tolna;Sárszentlőrinc
8141;Fejér;Sárszentmihály
8143;Fejér;Sárszentmihály
3386;Heves;Sarud
9600;Vas;Sárvár
9608;Vas;Sárvár
9609;Vas;Sárvár
7370;Baranya;Sásd
8308;Veszprém;Sáska
3659;Borsod-Abaúj-Zemplén;Sáta
3944;Borsod-Abaúj-Zemplén;Sátoraljaújhely
3945;Borsod-Abaúj-Zemplén;Sátoraljaújhely
3980;Borsod-Abaúj-Zemplén;Sátoraljaújhely
3988;Borsod-Abaúj-Zemplén;Sátoraljaújhely
7785;Baranya;Sátorhely
8732;Somogy;Sávoly
9789;Vas;Sé
7562;Somogy;Segesd
7960;Baranya;Sellye
3809;Borsod-Abaúj-Zemplén;Selyeb
3974;Borsod-Abaúj-Zemplén;Semjén
8862;Zala;Semjénháza
8788;Zala;Sénye
4533;Szabolcs-Szatmár-Bereg;Sényő
8111;Fejér;Seregélyes
3729;Borsod-Abaúj-Zemplén;Serényfalva
8660;Somogy;Sérsekszőlős
8439;Győr-Moson-Sopron;Sikátor
7800;Baranya;Siklós
7818;Baranya;Siklós
7814;Baranya;Siklósbodony
7823;Baranya;Siklósnagyfalu
3881;Borsod-Abaúj-Zemplén;Sima
9633;Vas;Simaság
7474;Somogy;Simonfa
7081;Tolna;Simontornya
7171;Tolna;Sióagárd
8600;Somogy;Siófok
8609;Somogy;Siófok
8611;Somogy;Siófok
8652;Somogy;Siójut
3332;Heves;Sirok
9671;Vas;Sitke
9315;Győr-Moson-Sopron;Sobor
8897;Zala;Söjtör
9112;Győr-Moson-Sopron;Sokorópátka
6320;Bács-Kiskun;Solt
6223;Bács-Kiskun;Soltszentimre
6230;Bács-Kiskun;Soltvadkert
8193;Veszprém;Sóly
2083;Pest;Solymár
8655;Somogy;Som
7728;Baranya;Somberek
8478;Veszprém;Somlójenő
8483;Veszprém;Somlószőlős
8481;Veszprém;Somlóvásárhely
8484;Veszprém;Somlóvecse
7454;Somogy;Somodor
7283;Somogy;Somogyacsa
7922;Baranya;Somogyapáti
7584;Somogy;Somogyaracs
7452;Somogy;Somogyaszaló
8684;Somogy;Somogybabod
8858;Somogy;Somogybükkösd
8726;Somogy;Somogycsicsó
7284;Somogy;Somogydöröcske
8666;Somogy;Somogyegres
8708;Somogy;Somogyfajsz
7455;Somogy;Somogygeszti
7925;Baranya;Somogyhárságy
7921;Baranya;Somogyhatvan
7443;Somogy;Somogyjád
8673;Somogy;Somogymeggyes
8733;Somogy;Somogysámson
7435;Somogy;Somogysárd
8737;Somogy;Somogysimonyi
8705;Somogy;Somogyszentpál
7276;Somogy;Somogyszil
7563;Somogy;Somogyszob
8683;Somogy;Somogytúr
7515;Somogy;Somogyudvarhely
8699;Somogy;Somogyvámos
8698;Somogy;Somogyvár
7924;Baranya;Somogyviszló
8734;Somogy;Somogyzsitfa
4954;Szabolcs-Szatmár-Bereg;Sonkád
8123;Fejér;Soponya
9400;Győr-Moson-Sopron;Sopron
9407;Győr-Moson-Sopron;Sopron
9408;Győr-Moson-Sopron;Sopron
9494;Győr-Moson-Sopron;Sopron
9463;Győr-Moson-Sopron;Sopronhorpács
9483;Győr-Moson-Sopron;Sopronkövesd
9325;Győr-Moson-Sopron;Sopronnémeti
9743;Vas;Söpte
8072;Fejér;Söréd
9774;Vas;Sorkifalud
9774;Vas;Sorkikápolna
8881;Zala;Sormás
9773;Vas;Sorokpolány
3131;Nógrád;Sóshartyán
2038;Pest;Sóskút
3716;Borsod-Abaúj-Zemplén;Sóstófalva
7960;Baranya;Sósvertike
9681;Vas;Sótony
8096;Fejér;Sukoró
6346;Bács-Kiskun;Sükösd
2241;Pest;Sülysáp
2242;Pest;Sülysáp
8330;Veszprém;Sümeg
8357;Zala;Sümegcsehi
8351;Veszprém;Sümegprága
7960;Baranya;Sumony
2889;Komárom-Esztergom;Súr
8856;Zala;Surd
2543;Komárom-Esztergom;Süttő
8151;Fejér;Szabadbattyán
2432;Fejér;Szabadegyháza
8138;Fejér;Szabadhidvég
8139;Fejér;Szabadhidvég
7253;Somogy;Szabadi
5712;Békés;Szabadkígyós
6080;Bács-Kiskun;Szabadszállás
7951;Baranya;Szabadszentkirály
7544;Somogy;Szabás
4467;Szabolcs-Szatmár-Bereg;Szabolcs
4547;Szabolcs-Szatmár-Bereg;Szabolcsbáka
4496;Szabolcs-Szatmár-Bereg;Szabolcsveresmart
2111;Pest;Szada
7383;Baranya;Szágy
7753;Baranya;Szajk
3334;Heves;Szajla
5081;Jász-Nagykun-Szolnok;Szajol
3786;Borsod-Abaúj-Zemplén;Szakácsi
7071;Tolna;Szakadát
3596;Borsod-Abaúj-Zemplén;Szakáld
7192;Tolna;Szakály
7213;Tolna;Szakcs
6336;Bács-Kiskun;Szakmár
9934;Vas;Szaknyér
4234;Szabolcs-Szatmár-Bereg;Szakoly
9474;Győr-Moson-Sopron;Szakony
9983;Vas;Szakonyfalu
2856;Komárom-Esztergom;Szákszend
9942;Vas;Szalafő
7811;Baranya;Szalánta
8341;Zala;Szalapa
3863;Borsod-Abaúj-Zemplén;Szalaszend
7334;Baranya;Szalatnak
7121;Tolna;Szálka
6086;Bács-Kiskun;Szalkszentmárton
3163;Nógrád;Szalmatercs
3754;Borsod-Abaúj-Zemplén;Szalonna
4767;Szabolcs-Szatmár-Bereg;Szamosangyalos
4745;Szabolcs-Szatmár-Bereg;Szamosbecs
4721;Szabolcs-Szatmár-Bereg;Szamoskér
4735;Szabolcs-Szatmár-Bereg;Szamossályi
4824;Szabolcs-Szatmár-Bereg;Szamosszeg
4746;Szabolcs-Szatmár-Bereg;Szamostatárfalva
4734;Szabolcs-Szatmár-Bereg;Szamosújlak
2697;Nógrád;Szanda
6131;Bács-Kiskun;Szank
8622;Somogy;Szántód
9317;Győr-Moson-Sopron;Szany
8423;Veszprém;Szápár
7843;Baranya;Szaporca
2066;Fejér;Szár
7184;Baranya;Szárász
7063;Tolna;Szárazd
9353;Győr-Moson-Sopron;Szárföld
2067;Komárom-Esztergom;Szárliget
5540;Békés;Szarvas
3051;Nógrád;Szarvasgede
9913;Vas;Szarvaskend
3323;Heves;Szarvaskő
5053;Jász-Nagykun-Szolnok;Szászberek
3821;Borsod-Abaúj-Zemplén;Szászfa
7349;Baranya;Szászvár
4945;Szabolcs-Szatmár-Bereg;Szatmárcseke
2656;Nógrád;Szátok
9938;Vas;Szatta
6763;Csongrád;Szatymaz
7813;Baranya;Szava
2440;Pest;Százhalombatta
7725;Baranya;Szebény
2692;Nógrád;Szécsénke
3170;Nógrád;Szécsény
3135;Nógrád;Szécsényfelfalu
8879;Zala;Szécsisziget
7751;Baranya;Szederkény
7056;Tolna;Szedres
6700;Csongrád;Szeged
6710;Csongrád;Szeged
6720;Csongrád;Szeged
6721;Csongrád;Szeged
6722;Csongrád;Szeged
6723;Csongrád;Szeged
6724;Csongrád;Szeged
6725;Csongrád;Szeged
6726;Csongrád;Szeged
6727;Csongrád;Szeged
6728;Csongrád;Szeged
6729;Csongrád;Szeged
6753;Csongrád;Szeged
6757;Csongrád;Szeged
6771;Csongrád;Szeged
6791;Csongrád;Szeged
8732;Somogy;Szegerdő
5520;Békés;Szeghalom
3918;Borsod-Abaúj-Zemplén;Szegi
3918;Borsod-Abaúj-Zemplén;Szegilong
6635;Csongrád;Szegvár
4534;Szabolcs-Szatmár-Bereg;Székely
7737;Baranya;Székelyszabar
8000;Fejér;Székesfehérvár
8019;Fejér;Székesfehérvár
6821;Csongrád;Székkutas
7100;Tolna;Szekszárd
9622;Vas;Szeleste
5476;Jász-Nagykun-Szolnok;Szelevény
7661;Baranya;Szellő
7763;Baranya;Szemely
9685;Vas;Szemenye
3866;Borsod-Abaúj-Zemplén;Szemere
2640;Nógrád;Szendehely
3752;Borsod-Abaúj-Zemplén;Szendrő
3751;Borsod-Abaúj-Zemplén;Szendrőlád
7477;Somogy;Szenna
8849;Somogy;Szenta
8272;Veszprém;Szentantalfa
7472;Somogy;Szentbalázs
8281;Veszprém;Szentbékkálla
7918;Somogy;Szentborbás
7913;Baranya;Szentdénes
3259;Heves;Szentdomonkos
2655;Nógrád;Szente
7915;Baranya;Szentegát
2000;Pest;Szentendre
6600;Csongrád;Szentes
8444;Veszprém;Szentgál
7465;Somogy;Szentgáloskér
9955;Vas;Szentgotthárd
9970;Vas;Szentgotthárd
9981;Vas;Szentgotthárd
8393;Zala;Szentgyörgyvár
8975;Zala;Szentgyörgyvölgy
8475;Veszprém;Szentimrefalva
3418;Borsod-Abaúj-Zemplén;Szentistván
3844;Borsod-Abaúj-Zemplén;Szentistvánbaksa
8272;Veszprém;Szentjakabfa
7681;Baranya;Szentkatalin
6031;Bács-Kiskun;Szentkirály
8225;Veszprém;Szentkirályszabadja
8947;Zala;Szentkozmadombja
7936;Baranya;Szentlászló
8893;Zala;Szentliszló
7940;Baranya;Szentlőrinc
2255;Pest;Szentlőrinckáta
8872;Zala;Szentmargitfalva
2254;Pest;Szentmártonkáta
9799;Vas;Szentpéterfa
8953;Zala;Szentpéterfölde
4121;Hajdú-Bihar;Szentpéterszeg
8762;Zala;Szentpéterúr
8717;Somogy;Szenyér
8861;Zala;Szepetnek
9125;Győr-Moson-Sopron;Szerecseny
6512;Bács-Kiskun;Szeremle
3900;Borsod-Abaúj-Zemplén;Szerencs
4162;Hajdú-Bihar;Szerep
4163;Hajdú-Bihar;Szerep
9523;Vas;Szergény
2321;Pest;Szigetbecse
2317;Pest;Szigetcsép
2315;Pest;Szigethalom
2015;Pest;Szigetmonostor
2318;Pest;Szigetszentmárton
2310;Pest;Szigetszentmiklós
2319;Pest;Szigetújfalu
7900;Baranya;Szigetvár
8264;Veszprém;Szigliget
3377;Heves;Szihalom
8969;Zala;Szijártóháza
3800;Borsod-Abaúj-Zemplén;Szikszó
9326;Győr-Moson-Sopron;Szil
7664;Baranya;Szilágy
3125;Nógrád;Szilaspogony
9312;Győr-Moson-Sopron;Szilsárkány
8986;Zala;Szilvágy
7811;Baranya;Szilvás
7477;Somogy;Szilvásszentmárton
3348;Heves;Szilvásvárad
3761;Borsod-Abaúj-Zemplén;Szin
3761;Borsod-Abaúj-Zemplén;Szinpetri
3044;Nógrád;Szirák
3711;Borsod-Abaúj-Zemplén;Szirmabesenyő
2628;Pest;Szob
8452;Veszprém;Szőc
9935;Vas;Szőce
2134;Pest;Sződ
2133;Pest;Sződliget
3762;Borsod-Abaúj-Zemplén;Szögliget
7833;Baranya;Szőke
7763;Baranya;Szőkéd
8736;Somogy;Szőkedencs
2624;Pest;Szokolya
8625;Somogy;Szólád
5000;Jász-Nagykun-Szolnok;Szolnok
5008;Jász-Nagykun-Szolnok;Szolnok
3757;Borsod-Abaúj-Zemplén;Szőlősardó
8692;Somogy;Szőlősgyörök
9700;Vas;Szombathely
9707;Vas;Szombathely
9719;Vas;Szombathely
2896;Komárom-Esztergom;Szomód
3411;Borsod-Abaúj-Zemplén;Szomolya
2822;Komárom-Esztergom;Szomor
7976;Baranya;Szörény
4441;Szabolcs-Szatmár-Bereg;Szorgalmatos
7285;Somogy;Szorosad
3341;Heves;Szúcs
3034;Heves;Szűcsi
2699;Nógrád;Szügy
3154;Nógrád;Szuha
3726;Borsod-Abaúj-Zemplén;Szuhafő
3731;Borsod-Abaúj-Zemplén;Szuhakálló
3734;Borsod-Abaúj-Zemplén;Szuhogy
7932;Baranya;Szulimán
7539;Somogy;Szulok
7735;Baranya;Szűr
3064;Nógrád;Szurdokpüspöki
8660;Somogy;Tab
8088;Fejér;Tabajd
6224;Bács-Kiskun;Tabdi
2381;Pest;Táborfalva
8121;Fejér;Tác
8272;Veszprém;Tagyon
2021;Pest;Tahitótfalu
2022;Pest;Tahitótfalu
8541;Veszprém;Takácsi
4845;Szabolcs-Szatmár-Bereg;Tákos
2335;Pest;Taksony
3926;Borsod-Abaúj-Zemplén;Taktabáj
3922;Borsod-Abaúj-Zemplén;Taktaharkány
3924;Borsod-Abaúj-Zemplén;Taktakenéz
3921;Borsod-Abaúj-Zemplén;Taktaszada
8295;Veszprém;Taliándörögd
3907;Borsod-Abaúj-Zemplén;Tállya
7090;Tolna;Tamási
7091;Tolna;Tamási
9762;Vas;Tanakajd
9095;Győr-Moson-Sopron;Táp
2764;Pest;Tápióbicske
2767;Pest;Tápiógyörgye
2253;Pest;Tápióság
2251;Pest;Tápiószecső
2766;Pest;Tápiószele
2711;Pest;Tápiószentmárton
2769;Pest;Tápiószőlős
9761;Vas;Táplánszentkereszt
8297;Veszprém;Tapolca
8300;Veszprém;Tapolca
8718;Somogy;Tapsony
9094;Győr-Moson-Sopron;Tápszentmiklós
3073;Nógrád;Tar
7514;Somogy;Tarany
3915;Borsod-Abaúj-Zemplén;Tarcal
3416;Borsod-Abaúj-Zemplén;Tard
3644;Borsod-Abaúj-Zemplén;Tardona
2834;Komárom-Esztergom;Tardos
5641;Békés;Tarhos
2831;Komárom-Esztergom;Tarján
9092;Győr-Moson-Sopron;Tarjánpuszta
2945;Komárom-Esztergom;Tárkány
3369;Heves;Tarnabod
3258;Heves;Tarnalelesz
3284;Heves;Tarnaméra
3294;Heves;Tarnaörs
3331;Heves;Tarnaszentmária
3382;Heves;Tarnaszentmiklós
3283;Heves;Tarnazsadány
2461;Pest;Tárnok
9165;Győr-Moson-Sopron;Tárnokréti
4931;Szabolcs-Szatmár-Bereg;Tarpa
7362;Baranya;Tarrós
8696;Somogy;Táska
6098;Bács-Kiskun;Tass
7261;Somogy;Taszár
2534;Komárom-Esztergom;Tát
2835;Komárom-Esztergom;Tata
2890;Komárom-Esztergom;Tata
2800;Komárom-Esztergom;Tatabánya
6451;Bács-Kiskun;Tataháza
2375;Pest;Tatárszentgyörgy
6236;Bács-Kiskun;Tázlár
4243;Hajdú-Bihar;Téglás
7381;Baranya;Tékes
7973;Baranya;Teklafalu
9812;Vas;Telekes
5675;Békés;Telekgerendás
8626;Somogy;Teleki
2089;Pest;Telki
3896;Borsod-Abaúj-Zemplén;Telkibánya
7054;Tolna;Tengelic
7834;Baranya;Tengeri
8668;Somogy;Tengőd
3359;Heves;Tenk
9111;Győr-Moson-Sopron;Tényő
4132;Hajdú-Bihar;Tépe
4342;Szabolcs-Szatmár-Bereg;Terem
2696;Nógrád;Terény
2652;Nógrád;Tereske
3757;Borsod-Abaúj-Zemplén;Teresztenye
3334;Heves;Terpes
8109;Veszprém;Tés
2635;Pest;Tésa
7843;Baranya;Tésenfa
7834;Baranya;Téseny
8991;Zala;Teskánd
9100;Győr-Moson-Sopron;Tét
4184;Hajdú-Bihar;Tetétlen
7181;Tolna;Tevel
3423;Borsod-Abaúj-Zemplén;Tibolddaróc
4353;Szabolcs-Szatmár-Bereg;Tiborszállás
8237;Veszprém;Tihany
8731;Somogy;Tikos
8782;Zala;Tilaj
4466;Szabolcs-Szatmár-Bereg;Timár
2086;Pest;Tinnye
4833;Szabolcs-Szatmár-Bereg;Tiszaadony
6066;Bács-Kiskun;Tiszaalpár
6067;Bács-Kiskun;Tiszaalpár
3465;Borsod-Abaúj-Zemplén;Tiszabábolna
4951;Szabolcs-Szatmár-Bereg;Tiszabecs
4474;Szabolcs-Szatmár-Bereg;Tiszabercel
4624;Szabolcs-Szatmár-Bereg;Tiszabezdéd
5232;Jász-Nagykun-Szolnok;Tiszabő
5235;Jász-Nagykun-Szolnok;Tiszabura
4947;Szabolcs-Szatmár-Bereg;Tiszacsécse
4066;Hajdú-Bihar;Tiszacsege
3972;Borsod-Abaúj-Zemplén;Tiszacsermely
4455;Szabolcs-Szatmár-Bereg;Tiszadada
5243;Jász-Nagykun-Szolnok;Tiszaderzs
4456;Szabolcs-Szatmár-Bereg;Tiszadob
3466;Borsod-Abaúj-Zemplén;Tiszadorogma
4446;Szabolcs-Szatmár-Bereg;Tiszaeszlár
4464;Szabolcs-Szatmár-Bereg;Tiszaeszlár
5430;Jász-Nagykun-Szolnok;Tiszaföldvár
5461;Jász-Nagykun-Szolnok;Tiszaföldvár
5350;Jász-Nagykun-Szolnok;Tiszafüred
5358;Jász-Nagykun-Szolnok;Tiszafüred
5359;Jász-Nagykun-Szolnok;Tiszafüred
5233;Jász-Nagykun-Szolnok;Tiszagyenda
4097;Hajdú-Bihar;Tiszagyulaháza
5361;Jász-Nagykun-Szolnok;Tiszaigar
5464;Jász-Nagykun-Szolnok;Tiszainoka
5094;Jász-Nagykun-Szolnok;Tiszajenő
4493;Szabolcs-Szatmár-Bereg;Tiszakanyár
3971;Borsod-Abaúj-Zemplén;Tiszakarád
6060;Bács-Kiskun;Tiszakécske
6062;Bács-Kiskun;Tiszakécske
4834;Szabolcs-Szatmár-Bereg;Tiszakerecseny
3458;Borsod-Abaúj-Zemplén;Tiszakeszi
4946;Szabolcs-Szatmár-Bereg;Tiszakóród
5471;Jász-Nagykun-Szolnok;Tiszakürt
5472;Jász-Nagykun-Szolnok;Tiszakürt
3929;Borsod-Abaúj-Zemplén;Tiszaladány
4447;Szabolcs-Szatmár-Bereg;Tiszalök
4450;Szabolcs-Szatmár-Bereg;Tiszalök
3565;Borsod-Abaúj-Zemplén;Tiszalúc
4645;Szabolcs-Szatmár-Bereg;Tiszamogyorós
4463;Szabolcs-Szatmár-Bereg;Tiszanagyfalu
3385;Heves;Tiszanána
5362;Jász-Nagykun-Szolnok;Tiszaörs
3587;Borsod-Abaúj-Zemplén;Tiszapalkonya
5211;Jász-Nagykun-Szolnok;Tiszapüspöki
4503;Szabolcs-Szatmár-Bereg;Tiszarád
5234;Jász-Nagykun-Szolnok;Tiszaroff
5474;Jász-Nagykun-Szolnok;Tiszasas
5061;Jász-Nagykun-Szolnok;Tiszasüly
4831;Szabolcs-Szatmár-Bereg;Tiszaszalka
5322;Jász-Nagykun-Szolnok;Tiszaszentimre
5323;Jász-Nagykun-Szolnok;Tiszaszentimre
4628;Szabolcs-Szatmár-Bereg;Tiszaszentmárton
6756;Csongrád;Tiszasziget
5244;Jász-Nagykun-Szolnok;Tiszaszőlős
3928;Borsod-Abaúj-Zemplén;Tiszatardos
3589;Borsod-Abaúj-Zemplén;Tiszatarján
4486;Szabolcs-Szatmár-Bereg;Tiszatelek
4487;Szabolcs-Szatmár-Bereg;Tiszatelek
5082;Jász-Nagykun-Szolnok;Tiszatenyő
6064;Bács-Kiskun;Tiszaug
3580;Borsod-Abaúj-Zemplén;Tiszaújváros
3464;Borsod-Abaúj-Zemplén;Tiszavalk
5092;Jász-Nagykun-Szolnok;Tiszavárkony
5095;Jász-Nagykun-Szolnok;Tiszavárkony
4440;Szabolcs-Szatmár-Bereg;Tiszavasvári
4832;Szabolcs-Szatmár-Bereg;Tiszavid
4969;Szabolcs-Szatmár-Bereg;Tisztaberek
4921;Szabolcs-Szatmár-Bereg;Tivadar
2252;Pest;Tóalmás
3354;Heves;Tófalu
8946;Zala;Tófej
7348;Baranya;Tófű
2073;Pest;Tök
3910;Borsod-Abaúj-Zemplén;Tokaj
2531;Komárom-Esztergom;Tokod
2532;Komárom-Esztergom;Tokodaltáró
2316;Pest;Tököl
9561;Vas;Tokorcs
3934;Borsod-Abaúj-Zemplén;Tolcsva
4117;Hajdú-Bihar;Told
2657;Nógrád;Tolmács
7130;Tolna;Tolna
7131;Tolna;Tolna
7083;Tolna;Tolnanémedi
9086;Győr-Moson-Sopron;Töltéstava
5324;Jász-Nagykun-Szolnok;Tomajmonostora
3787;Borsod-Abaúj-Zemplén;Tomor
9738;Vas;Tömörd
6646;Csongrád;Tömörkény
6422;Bács-Kiskun;Tompa
9662;Vas;Tompaládony
2463;Fejér;Tordas
8876;Zala;Tormafölde
7383;Baranya;Tormás
9736;Vas;Tormásliget
3765;Borsod-Abaúj-Zemplén;Tornabarakony
3761;Borsod-Abaúj-Zemplén;Tornakápolna
3767;Borsod-Abaúj-Zemplén;Tornanádaska
3765;Borsod-Abaúj-Zemplén;Tornaszentandrás
3769;Borsod-Abaúj-Zemplén;Tornaszentjakab
8877;Zala;Tornyiszentmiklós
3877;Borsod-Abaúj-Zemplén;Tornyosnémeti
4642;Szabolcs-Szatmár-Bereg;Tornyospálca
2045;Pest;Törökbálint
7285;Somogy;Törökkoppány
5200;Jász-Nagykun-Szolnok;Törökszentmiklós
5212;Jász-Nagykun-Szolnok;Törökszentmiklós
9791;Vas;Torony
2747;Pest;Törtel
8660;Somogy;Torvaj
5091;Jász-Nagykun-Szolnok;Tószeg
5940;Békés;Tótkomlós
7981;Baranya;Tótszentgyörgy
8865;Zala;Tótszentmárton
8864;Zala;Tótszerdahely
7755;Baranya;Töttös
7918;Somogy;Tótújfalu
8246;Veszprém;Tótvázsony
3724;Borsod-Abaúj-Zemplén;Trizs
4731;Szabolcs-Szatmár-Bereg;Tunyogmatolcs
2194;Pest;Tura
4944;Szabolcs-Szatmár-Bereg;Túristvándi
8796;Zala;Türje
5420;Jász-Nagykun-Szolnok;Túrkeve
7811;Baranya;Túrony
4968;Szabolcs-Szatmár-Bereg;Túrricse
8477;Veszprém;Tüskevár
4623;Szabolcs-Szatmár-Bereg;Tuzsér
4762;Szabolcs-Szatmár-Bereg;Tyukod
7718;Baranya;Udvar
7066;Tolna;Udvari
8564;Veszprém;Ugod
2066;Fejér;Újbarok
3716;Borsod-Abaúj-Zemplén;Újcsanálos
4491;Szabolcs-Szatmár-Bereg;Újdombrád
4244;Szabolcs-Szatmár-Bereg;Újfehértó
2367;Pest;Újhartyán
4146;Hajdú-Bihar;Újiráz
7095;Tolna;Újireg
4635;Szabolcs-Szatmár-Bereg;Újkenéz
9472;Győr-Moson-Sopron;Újkér
5661;Békés;Újkígyós
2724;Pest;Újlengyel
4288;Hajdú-Bihar;Újléta
3387;Heves;Újlőrincfalva
7766;Baranya;Újpetre
9244;Győr-Moson-Sopron;Újrónafő
6320;Bács-Kiskun;Újsolt
5727;Békés;Újszalonta
5052;Jász-Nagykun-Szolnok;Újszász
6754;Csongrád;Újszentiván
4065;Hajdú-Bihar;Újszentmargita
2768;Pest;Újszilvás
6337;Bács-Kiskun;Újtelek
4096;Hajdú-Bihar;Újtikos
8778;Zala;Újudvar
7436;Somogy;Újvárfalva
8347;Veszprém;Ukk
6794;Csongrád;Üllés
2225;Pest;Üllő
9464;Győr-Moson-Sopron;Und
2528;Komárom-Esztergom;Úny
3622;Borsod-Abaúj-Zemplén;Uppony
4763;Szabolcs-Szatmár-Bereg;Ura
9651;Vas;Uraiújfalu
8142;Fejér;Úrhida
2244;Pest;Úri
8409;Veszprém;Úrkút
2096;Pest;Üröm
4952;Szabolcs-Szatmár-Bereg;Uszka
6332;Bács-Kiskun;Uszód
8321;Veszprém;Uzsa
2600;Pest;Vác
2167;Pest;Vácduka
2184;Pest;Vácegres
2164;Pest;Váchartyán
2185;Pest;Váckisújfalu
2163;Pest;Vácrátót
2115;Pest;Vácszentlászló
3636;Borsod-Abaúj-Zemplén;Vadna
9346;Győr-Moson-Sopron;Vadosfa
9327;Győr-Moson-Sopron;Vág
3992;Borsod-Abaúj-Zemplén;Vágáshuta
4562;Szabolcs-Szatmár-Bereg;Vaja
3961;Borsod-Abaúj-Zemplén;Vajdácska
7838;Baranya;Vajszló
7041;Fejér;Vajta
2473;Fejér;Vál
2114;Pest;Valkó
8885;Zala;Valkonya
4351;Szabolcs-Szatmár-Bereg;Vállaj
8316;Zala;Vállus
4936;Szabolcs-Szatmár-Bereg;Vámosatya
9665;Vas;Vámoscsalád
3291;Heves;Vámosgyörk
2635;Pest;Vámosmikola
4966;Szabolcs-Szatmár-Bereg;Vámosoroszi
4287;Hajdú-Bihar;Vámospércs
9061;Győr-Moson-Sopron;Vámosszabadi
3941;Borsod-Abaúj-Zemplén;Vámosújfalu
4119;Hajdú-Bihar;Váncsod
2688;Nógrád;Vanyarc
8552;Veszprém;Vanyola
7973;Baranya;Várad
7354;Tolna;Váralja
8723;Somogy;Varászló
3254;Heves;Váraszó
9243;Győr-Moson-Sopron;Várbalog
3778;Borsod-Abaúj-Zemplén;Varbó
3756;Borsod-Abaúj-Zemplén;Varbóc
7442;Somogy;Várda
7146;Tolna;Várdomb
8891;Zala;Várfölde
7370;Baranya;Varga
2824;Komárom-Esztergom;Várgesztes
8523;Veszprém;Várkesző
7214;Tolna;Várong
6033;Bács-Kiskun;Városföld
8445;Veszprém;Városlőd
8100;Veszprém;Várpalota
8103;Veszprém;Várpalota
8104;Veszprém;Várpalota
7067;Tolna;Varsád
3178;Nógrád;Varsány
8316;Zala;Várvölgy
2211;Pest;Vasad
9921;Vas;Vasalja
7926;Baranya;Vásárosbéc
7362;Baranya;Vásárosdombó
9343;Győr-Moson-Sopron;Vásárosfalu
9552;Vas;Vásárosmiske
4800;Szabolcs-Szatmár-Bereg;Vásárosnamény
4803;Szabolcs-Szatmár-Bereg;Vásárosnamény
4804;Szabolcs-Szatmár-Bereg;Vásárosnamény
9744;Vas;Vasasszonyfa
8914;Zala;Vasboldogasszony
9661;Vas;Vasegerszeg
9674;Vas;Vashosszúfalu
9795;Vas;Vaskeresztes
6521;Bács-Kiskun;Vaskút
4502;Szabolcs-Szatmár-Bereg;Vasmegyer
8998;Zala;Vaspör
9741;Vas;Vassurány
9763;Vas;Vasszécseny
9953;Vas;Vasszentmihály
9747;Vas;Vasszilvágy
9800;Vas;Vasvár
8542;Veszprém;Vaszar
8245;Veszprém;Vászoly
9748;Vas;Vát
3431;Borsod-Abaúj-Zemplén;Vatta
7370;Baranya;Vázsnok
3265;Heves;Vécs
2220;Pest;Vecsés
5811;Békés;Végegyháza
7838;Baranya;Vejti
7333;Baranya;Vékény
4143;Hajdú-Bihar;Vekerd
9726;Vas;Velem
9946;Vas;Velemér
2481;Fejér;Velence
7951;Baranya;Velény
7726;Baranya;Véménd
9062;Győr-Moson-Sopron;Vének
9751;Vas;Vép
2477;Fejér;Vereb
2112;Pest;Veresegyház
2621;Pest;Verőce
3351;Heves;Verpelét
2174;Pest;Verseg
7752;Baranya;Versend
8089;Fejér;Vértesacsa
8085;Fejér;Vértesboglár
2859;Komárom-Esztergom;Vérteskethely
2823;Komárom-Esztergom;Vértessomló
2837;Komárom-Esztergom;Vértesszőlős
2833;Komárom-Esztergom;Vértestolna
8721;Somogy;Vése
9352;Győr-Moson-Sopron;Veszkény
8200;Veszprém;Veszprém
8411;Veszprém;Veszprém
8412;Veszprém;Veszprém
8248;Veszprém;Veszprémfajsz
8475;Veszprém;Veszprémgalsa
8438;Győr-Moson-Sopron;Veszprémvarsány
5530;Békés;Vésztő
5093;Jász-Nagykun-Szolnok;Vezseny
8484;Veszprém;Vid
8294;Veszprém;Vigántpetend
7773;Baranya;Villány
7772;Baranya;Villánykövesd
3891;Borsod-Abaúj-Zemplén;Vilmány
8194;Veszprém;Vilonya
3991;Borsod-Abaúj-Zemplén;Vilyvitány
9535;Veszprém;Vinár
8354;Zala;Vindornyafok
8353;Zala;Vindornyalak
8355;Zala;Vindornyaszőlős
2025;Pest;Visegrád
2026;Pest;Visegrád
7533;Somogy;Visnye
3271;Heves;Visonta
3272;Heves;Visonta
3956;Borsod-Abaúj-Zemplén;Viss
8681;Somogy;Visz
9932;Vas;Viszák
3825;Borsod-Abaúj-Zemplén;Viszló
3293;Heves;Visznek
9371;Győr-Moson-Sopron;Vitnyéd
3128;Nógrád;Vizslás
3888;Borsod-Abaúj-Zemplén;Vizsoly
7588;Somogy;Vízvár
8931;Zala;Vöckönd
7768;Baranya;Vokány
9462;Győr-Moson-Sopron;Völcsej
9516;Vas;Vönöck
8314;Zala;Vonyarcvashegy
8291;Veszprém;Vöröstó
8711;Somogy;Vörs
3124;Nógrád;Zabar
7976;Baranya;Zádor
3726;Borsod-Abaúj-Zemplén;Zádorfalva
5051;Jász-Nagykun-Szolnok;Zagyvarékas
3031;Heves;Zagyvaszántó
4625;Szabolcs-Szatmár-Bereg;Záhony
8868;Zala;Zajk
4974;Szabolcs-Szatmár-Bereg;Zajta
8852;Somogy;Zákány
8853;Somogy;Zákányfalu
6787;Csongrád;Zákányszék
8660;Somogy;Zala
8741;Zala;Zalaapáti
8971;Zala;Zalabaksa
8798;Zala;Zalabér
8992;Zala;Zalaboldogfa
8782;Zala;Zalacsány
8996;Zala;Zalacséb
8900;Zala;Zalaegerszeg
8344;Veszprém;Zalaerdőd
8349;Veszprém;Zalagyömörő
8308;Veszprém;Zalahaláp
8997;Zala;Zalaháshágy
8761;Zala;Zalaigrice
8932;Zala;Zalaistvánd
8749;Zala;Zalakaros
8751;Zala;Zalakomár
8752;Zala;Zalakomár
8354;Zala;Zalaköveskút
8999;Zala;Zalalövő
8348;Veszprém;Zalameggyes
8747;Zala;Zalamerenye
8756;Zala;Zalasárszeg
8743;Zala;Zalaszabar
8353;Zala;Zalaszántó
8476;Veszprém;Zalaszegvár
8772;Zala;Zalaszentbalázs
8785;Zala;Zalaszentgrót
8789;Zala;Zalaszentgrót
8790;Zala;Zalaszentgrót
8793;Zala;Zalaszentgrót
8795;Zala;Zalaszentgrót
8994;Zala;Zalaszentgyörgy
8921;Zala;Zalaszentiván
8827;Zala;Zalaszentjakab
8788;Zala;Zalaszentlászló
8921;Zala;Zalaszentlőrinc
8764;Zala;Zalaszentmárton
8936;Zala;Zalaszentmihály
8969;Zala;Zalaszombatfa
7839;Baranya;Zaláta
8947;Zala;Zalatárnok
8822;Zala;Zalaújlak
8392;Zala;Zalavár
8792;Zala;Zalavég
3957;Borsod-Abaúj-Zemplén;Zalkod
8621;Somogy;Zamárdi
8081;Fejér;Zámoly
8251;Veszprém;Zánka
3296;Heves;Zaránk
7182;Tolna;Závod
8957;Zala;Zebecke
2627;Pest;Zebegény
3977;Borsod-Abaúj-Zemplén;Zemplénagárd
7720;Baranya;Zengővárkony
8112;Fejér;Zichyújfalu
8672;Somogy;Zics
3794;Borsod-Abaúj-Zemplén;Ziliz
7471;Somogy;Zimány
8420;Veszprém;Zirc
7671;Baranya;Zók
7173;Tolna;Zomba
5537;Békés;Zsadány
4142;Hajdú-Bihar;Zsáka
2072;Pest;Zsámbék
2116;Pest;Zsámbok
6411;Bács-Kiskun;Zsana
4961;Szabolcs-Szatmár-Bereg;Zsarolyán
9346;Győr-Moson-Sopron;Zsebeháza
9635;Vas;Zsédeny
7477;Somogy;Zselickisfalud
7400;Somogy;Zselickislak
7474;Somogy;Zselicszentpál
9766;Vas;Zsennye
9476;Győr-Moson-Sopron;Zsira
6792;Csongrád;Zsombó
3897;Borsod-Abaúj-Zemplén;Zsujta
4627;Szabolcs-Szatmár-Bereg;Zsurk
3723;Borsod-Abaúj-Zemplén;Zubogy
